【合租】徐东 东湖尚郡 3室主卧,东湖尚郡,960,http://wh.58.com/pinpaigongyu/27095303666878x.shtml
【合租】珞狮南路 泰然南湖玫瑰湾 4室次卧,泰然南湖玫瑰湾,660,http://wh.58.com/pinpaigongyu/27073277566408x.shtml
【整租】武胜路 万信摩登会馆 1室0厅,万信摩登会馆,1100,http://wh.58.com/pinpaigongyu/27073278333354x.shtml
【合租】光谷 成园 4室主卧,成园,1100,http://wh.58.com/pinpaigongyu/27006632261322x.shtml
【合租】新南湖 保利心语 4室次卧,保利心语,600,http://wh.58.com/pinpaigongyu/27050864300083x.shtml
【合租】百步亭 百步亭花园现代城 4室主卧,百步亭花园现代城,1200,http://wh.58.com/pinpaigongyu/27236255259058x.shtml
【合租】徐东 保利城 2室主卧,保利城,700,http://wh.58.com/pinpaigongyu/27151374540479x.shtml
【合租】百步亭 汉口新城公园世家 4室次卧,汉口新城公园世家,1300,http://wh.58.com/pinpaigongyu/27147925991745x.shtml
【合租】后湖 石桥花园 3室次卧,石桥花园,800,http://wh.58.com/pinpaigongyu/27083667967804x.shtml
【整租】珞狮南路 幸福佳苑 1室1厅,幸福佳苑,1400,http://wh.58.com/pinpaigongyu/27050708493103x.shtml
【整租】珞狮南路 幸福佳苑 1室0厅,幸福佳苑,1400,http://wh.58.com/pinpaigongyu/27162677304780x.shtml
【合租】东亭 武丰佳园 3室主卧,武丰佳园,980,http://wh.58.com/pinpaigongyu/27182980766889x.shtml
【合租】关山 保利花园 3室次卧,保利花园,880,http://wh.58.com/pinpaigongyu/27094663395653x.shtml
【整租】光谷 光谷8号 1室1厅,光谷8号,1900,http://wh.58.com/pinpaigongyu/26953659208877x.shtml
【合租】广埠屯 天宝嘉苑 1室次卧,天宝嘉苑,1000,http://wh.58.com/pinpaigongyu/27179653240492x.shtml
【合租】硚口周边 葛洲坝城市花园 4室次卧,葛洲坝城市花园,1600,http://wh.58.com/pinpaigongyu/26838453829320x.shtml
【合租】常青花园 美联奥林匹克花园 3室次卧,美联奥林匹克花园,800,http://wh.58.com/pinpaigongyu/27161562573376x.shtml
【合租】徐东 保利城 3室次卧,保利城,850,http://wh.58.com/pinpaigongyu/27039589674168x.shtml
【整租】二七路 航天双城 1室0厅,航天双城,900,http://wh.58.com/pinpaigongyu/27212387645512x.shtml
【合租】中北路 武丰家园 1室主卧,武丰家园,1280,http://wh.58.com/pinpaigongyu/27235597672115x.shtml
【整租】二七路 航天双城 1室0厅,航天双城,900,http://wh.58.com/pinpaigongyu/27212387645512x.shtml
【合租】中北路 武丰家园 1室主卧,武丰家园,1280,http://wh.58.com/pinpaigongyu/27235597672115x.shtml
【整租】常青 华安里社区中铁南 1室0厅,华安里社区中铁南,900,http://wh.58.com/pinpaigongyu/27120723557320x.shtml
【合租】后湖 汉口新城公园世家 4室次卧,汉口新城公园世家,1500,http://wh.58.com/pinpaigongyu/27147954999224x.shtml
【整租】红钢城 武丰小区 1室0厅,武丰小区,880,http://wh.58.com/pinpaigongyu/27207322466000x.shtml
【合租】光谷 曙光星城 1室主卧,曙光星城,1700,http://wh.58.com/pinpaigongyu/27009190518325x.shtml
【合租】杨汊湖 福星华府 4室次卧,福星华府,1500,http://wh.58.com/pinpaigongyu/27158844317363x.shtml
【合租】团结大道 沙湖港湾 1室次卧,沙湖港湾,880,http://wh.58.com/pinpaigongyu/27224611976004x.shtml
【合租】江汉路 云林街台北四村 3室次卧,云林街台北四村,1400,http://wh.58.com/pinpaigongyu/27116565048513x.shtml
【合租】南湖花园 名士1号 3室次卧,名士1号,1000,http://wh.58.com/pinpaigongyu/27050837219243x.shtml
【合租】杨汊湖 南航花苑 3室主卧,南航花苑,1200,http://wh.58.com/pinpaigongyu/26895669464373x.shtml
【整租】广埠屯 天宝嘉苑 1室0厅,天宝嘉苑,1500,http://wh.58.com/pinpaigongyu/27116141683258x.shtml
【合租】宝丰 葛洲坝城市花园 3室次卧,葛洲坝城市花园,1300,http://wh.58.com/pinpaigongyu/26928364414763x.shtml
【整租】杨汊湖 众联天美国际 3室1厅,众联天美国际,2200,http://wh.58.com/pinpaigongyu/27037050284479x.shtml
【合租】和平大道 东兴天地A区 3室次卧,东兴天地A区,800,http://wh.58.com/pinpaigongyu/27050638480940x.shtml
【整租】杨汊湖 南国北都城市广场 1室0厅,南国北都城市广场,900,http://wh.58.com/pinpaigongyu/27008752001982x.shtml
【整租】沌口周边 洪山家园四人间 1室0厅,洪山家园四人间,1400,http://wh.58.com/pinpaigongyu/27149516155187x.shtml
【整租】街道口 南国雄楚广场 1室0厅,南国雄楚广场,1600,http://wh.58.com/pinpaigongyu/27192874757303x.shtml
【合租】光谷 祥和雅居 3室主卧,祥和雅居,1300,http://wh.58.com/pinpaigongyu/27227331971023x.shtml
【整租】王家湾 广东国亨家居 1室0厅,广东国亨家居,1300,http://wh.58.com/pinpaigongyu/27006010635699x.shtml
【合租】后湖 星悦城 3室主卧,星悦城,677,http://wh.58.com/pinpaigongyu/27051069396290x.shtml
【合租】二七路 天伦美伦美舍 4室主卧,天伦美伦美舍,950,http://wh.58.com/pinpaigongyu/27161339480904x.shtml
【整租】光谷 乐家小屋长租公寓 1室1厅,【整租】光谷,1900,http://wh.58.com/pinpaigongyu/27127639930926x.shtml
【合租】友谊大道 沙湖港湾 1室主卧,沙湖港湾,980,http://wh.58.com/pinpaigongyu/27207386207174x.shtml
【合租】余家头 沙湖港湾 3室主卧,沙湖港湾,1080,http://wh.58.com/pinpaigongyu/27225538246334x.shtml
【合租】南湖花园 名士1号 3室次卧,名士1号,960,http://wh.58.com/pinpaigongyu/27084235909439x.shtml
【整租】王家湾 好易娜大厦 1室1厅,好易娜大厦,1500,http://wh.58.com/pinpaigongyu/27184132687020x.shtml
【合租】后湖 同鑫花园景福苑 3室主卧,同鑫花园景福苑,1260,http://wh.58.com/pinpaigongyu/27083424355910x.shtml
【合租】光谷 统建天成美雅 3室次卧,统建天成美雅,830,http://wh.58.com/pinpaigongyu/27084771673266x.shtml
【合租】二七路 翰林紫园 5室次卧,翰林紫园,1480,http://wh.58.com/pinpaigongyu/27014524500551x.shtml
【合租】百步亭 海赋江城天韵 3室主卧,海赋江城天韵,850,http://wh.58.com/pinpaigongyu/27051094637101x.shtml
【合租】积玉桥 融侨华府 4室主卧,融侨华府,1200,http://wh.58.com/pinpaigongyu/27216153416394x.shtml
【合租】关山 新世界恒大华府 3室主卧,新世界恒大华府,1100,http://wh.58.com/pinpaigongyu/27162255917371x.shtml
【合租】余家头 怡景苑 4室次卧,怡景苑,1100,http://wh.58.com/pinpaigongyu/27050723423557x.shtml
【整租】沌口周边 芒果公寓 1室0厅,【整租】沌口周边,980,http://wh.58.com/pinpaigongyu/27236014953538x.shtml
【合租】徐东 武丰佳园 1室主卧,武丰佳园,980,http://wh.58.com/pinpaigongyu/27213110882884x.shtml
【整租】江汉路 江汉路步行街商铺 1室0厅,江汉路步行街商铺,1500,http://wh.58.com/pinpaigongyu/27019646450350x.shtml
【合租】团结大道 沙湖港湾 3室主卧,沙湖港湾,1080,http://wh.58.com/pinpaigongyu/27235896709299x.shtml
【整租】常青 华安里社区中铁南 1室0厅,华安里社区中铁南,900,http://wh.58.com/pinpaigongyu/27120625816397x.shtml
【整租】街道口 未来公馆 1室0厅,未来公馆,1500,http://wh.58.com/pinpaigongyu/27157598048459x.shtml
【合租】二七路 东立国际 3室次卧,东立国际,1000,http://wh.58.com/pinpaigongyu/26928471428289x.shtml
【合租】友谊大道 沙湖港湾 3室主卧,沙湖港湾,880,http://wh.58.com/pinpaigongyu/27191698944054x.shtml
【合租】徐东 保利城 3室次卧,保利城,760,http://wh.58.com/pinpaigongyu/27050396129967x.shtml
【合租】百步亭 银泰御华园 3室次卧,银泰御华园,1400,http://wh.58.com/pinpaigongyu/26960024463546x.shtml
【合租】积玉桥 三角花园赵家墩 4室主卧,三角花园赵家墩,1200,http://wh.58.com/pinpaigongyu/27129076417731x.shtml
【合租】杨汊湖 福星华府 4室次卧,福星华府,1400,http://wh.58.com/pinpaigongyu/27158848527695x.shtml
【整租】光谷 光谷8号 1室1厅,光谷8号,1700,http://wh.58.com/pinpaigongyu/27182744790735x.shtml
【合租】崇仁路 同馨花园雍豪府 3室次卧,同馨花园雍豪府,1680,http://wh.58.com/pinpaigongyu/26895265017670x.shtml
【合租】中北路 铁机盛世佳园 4室主卧,铁机盛世佳园,1260,http://wh.58.com/pinpaigongyu/27216595733706x.shtml
【合租】冶金大道 沙湖港湾 3室主卧,沙湖港湾,1280,http://wh.58.com/pinpaigongyu/27183199549007x.shtml
【合租】二七路 东立国际 3室主卧,东立国际,1200,http://wh.58.com/pinpaigongyu/26928458049714x.shtml
【整租】光谷 成园 4室1厅,成园,3600,http://wh.58.com/pinpaigongyu/27139734189756x.shtml
【合租】建设二路 东兴天地 3室次卧,东兴天地,800,http://wh.58.com/pinpaigongyu/27106929312078x.shtml
【整租】街道口 南国雄楚广场 1室0厅,南国雄楚广场,1200,http://wh.58.com/pinpaigongyu/27116147546824x.shtml
【合租】徐东 武丰家园 1室主卧,武丰家园,1280,http://wh.58.com/pinpaigongyu/27235539164463x.shtml
【合租】宝丰 南国大武汉SOH 3室主卧,南国大武汉SOH,1500,http://wh.58.com/pinpaigongyu/27150792949294x.shtml
【合租】徐东 福星惠誉国际城 3室次卧,福星惠誉国际城,900,http://wh.58.com/pinpaigongyu/27059288451892x.shtml
【整租】街道口 南国雄楚广场 1室0厅,南国雄楚广场,1500,http://wh.58.com/pinpaigongyu/27129897873450x.shtml
【合租】友谊大道 沙湖港湾 1室次卧,沙湖港湾,680,http://wh.58.com/pinpaigongyu/27237081692468x.shtml
【合租】和平大道 东兴天地A区 3室次卧,东兴天地A区,700,http://wh.58.com/pinpaigongyu/27162176753203x.shtml
【整租】街道口 鹏程蕙园 1室0厅,鹏程蕙园,1300,http://wh.58.com/pinpaigongyu/27116150001204x.shtml
【整租】沌口周边 洪山家园四人间 1室0厅,洪山家园四人间,1200,http://wh.58.com/pinpaigongyu/27216968873271x.shtml
【整租】光谷 乐家小屋长租公寓 1室0厅,【整租】光谷,1900,http://wh.58.com/pinpaigongyu/27160676645312x.shtml
【整租】积玉桥 湖大琴园 3室2厅,湖大琴园,999,http://wh.58.com/pinpaigongyu/27235868588861x.shtml
【整租】新南湖 丽岛柳园 1室0厅,丽岛柳园,1400,http://wh.58.com/pinpaigongyu/27237423080900x.shtml
【合租】中北路 武丰佳园 3室主卧,武丰佳园,1080,http://wh.58.com/pinpaigongyu/27191680742607x.shtml
【合租】中北路 武丰家园 1室主卧,武丰家园,1280,http://wh.58.com/pinpaigongyu/27235587958852x.shtml
【合租】光谷 光谷新世界 3室次卧,光谷新世界,950,http://wh.58.com/pinpaigongyu/27106986116684x.shtml
【整租】光谷 南湖康泰花园 3室1厅,南湖康泰花园,3200,http://wh.58.com/pinpaigongyu/27225462849067x.shtml
【合租】沌口周边 洪山家园 1室主卧,洪山家园,1200,http://wh.58.com/pinpaigongyu/27236678199612x.shtml
【整租】沌口周边 芒果公寓 1室0厅,【整租】沌口周边,980,http://wh.58.com/pinpaigongyu/27192585981630x.shtml
【整租】后湖 百步亭·金桥汇 1室1厅,百步亭·金桥汇,1500,http://wh.58.com/pinpaigongyu/27161717137741x.shtml
【合租】徐东 保利城 3室次卧,保利城,700,http://wh.58.com/pinpaigongyu/27128022393899x.shtml
【合租】卓刀泉 虎泉交通职业技术 3室次卧,虎泉交通职业技术,800,http://wh.58.com/pinpaigongyu/27165425319471x.shtml
【整租】积玉桥 水岸国际 3室2厅,水岸国际,999,http://wh.58.com/pinpaigongyu/27230769187012x.shtml
【合租】后湖 汉口城市广场 3室次卧,汉口城市广场,930,http://wh.58.com/pinpaigongyu/27184309219250x.shtml
【合租】中南路 星海虹城 5室主卧,星海虹城,1400,http://wh.58.com/pinpaigongyu/27195049564484x.shtml
【合租】丁字桥 百瑞景 3室次卧,百瑞景,1100,http://wh.58.com/pinpaigongyu/27050719316934x.shtml
【整租】江汉周边 多闻社区 1室1厅,多闻社区,1380,http://wh.58.com/pinpaigongyu/27220570297934x.shtml
【整租】唐家墩 武汉菱角湖万达广 1室0厅,武汉菱角湖万达广,1400,http://wh.58.com/pinpaigongyu/27226119209011x.shtml
【整租】江汉周边 多闻社区 1室1厅,多闻社区,1380,http://wh.58.com/pinpaigongyu/27220570297934x.shtml
【整租】唐家墩 武汉菱角湖万达广 1室0厅,武汉菱角湖万达广,1400,http://wh.58.com/pinpaigongyu/27226119209011x.shtml
【合租】新华路 三金华都 5室主卧,三金华都,950,http://wh.58.com/pinpaigongyu/27132663799345x.shtml
【整租】广埠屯 天宝嘉苑 1室0厅,天宝嘉苑,1200,http://wh.58.com/pinpaigongyu/27124971696827x.shtml
【合租】江汉路 云林街台北四村 3室次卧,云林街台北四村,1100,http://wh.58.com/pinpaigongyu/26928408523200x.shtml
【合租】徐东 武丰佳园 3室主卧,武丰佳园,880,http://wh.58.com/pinpaigongyu/27215855505449x.shtml
【整租】常青 葛洲坝国际广场 1室0厅,葛洲坝国际广场,1200,http://wh.58.com/pinpaigongyu/27215032737590x.shtml
【合租】王家湾 龙阳一号 4室次卧,龙阳一号,700,http://wh.58.com/pinpaigongyu/27214264848308x.shtml
【合租】徐东 铂金天地 3室主卧,铂金天地,1050,http://wh.58.com/pinpaigongyu/27147692197582x.shtml
【合租】宝丰 葛洲坝城市花园 3室次卧,葛洲坝城市花园,1280,http://wh.58.com/pinpaigongyu/26928366290749x.shtml
【合租】南湖花园 保利中央公馆 3室次卧,保利中央公馆,600,http://wh.58.com/pinpaigongyu/27083345243310x.shtml
【合租】东亭 武丰佳园 1室主卧,武丰佳园,1080,http://wh.58.com/pinpaigongyu/27213310747069x.shtml
【合租】街道口 鹏程蕙园 1室次卧,鹏程蕙园,1100,http://wh.58.com/pinpaigongyu/27214063485248x.shtml
【整租】常青 华安里社区中铁南 1室0厅,华安里社区中铁南,900,http://wh.58.com/pinpaigongyu/27120802689471x.shtml
【合租】二七路 星海蓝天 4室次卧,星海蓝天,1280,http://wh.58.com/pinpaigongyu/27148318544956x.shtml
【合租】徐东 保利城 3室主卧,保利城,960,http://wh.58.com/pinpaigongyu/27084346434382x.shtml
【整租】后湖 世纪家园 1室0厅,世纪家园,900,http://wh.58.com/pinpaigongyu/27008719399993x.shtml
【合租】光谷 长航蓝晶国际 3室次卧,长航蓝晶国际,750,http://wh.58.com/pinpaigongyu/27083352435526x.shtml
【合租】王家湾 磨山港湾 3室次卧,磨山港湾,950,http://wh.58.com/pinpaigongyu/27161505054923x.shtml
【合租】徐东 福星惠誉国际城 3室次卧,福星惠誉国际城,1000,http://wh.58.com/pinpaigongyu/27015085454902x.shtml
【合租】后湖 金桥福景苑 3室主卧,金桥福景苑,1200,http://wh.58.com/pinpaigongyu/27161948667182x.shtml
【整租】常青 华安里社区中铁南 1室0厅,华安里社区中铁南,900,http://wh.58.com/pinpaigongyu/27120493682893x.shtml
【合租】友谊大道 沙湖港湾 3室主卧,沙湖港湾,980,http://wh.58.com/pinpaigongyu/27224805449669x.shtml
【合租】光谷 祥和雅居 3室主卧,祥和雅居,1300,http://wh.58.com/pinpaigongyu/27227404865214x.shtml
【合租】新南湖 芷岸龙庭 4室主卧,芷岸龙庭,1250,http://wh.58.com/pinpaigongyu/27059629977153x.shtml
【合租】光谷 祥和雅居 4室主卧,祥和雅居,1100,http://wh.58.com/pinpaigongyu/27092602677299x.shtml
【合租】后湖 石桥花园 4室次卧,石桥花园,1080,http://wh.58.com/pinpaigongyu/27117307051181x.shtml
【整租】前进/江汉 前进五路电脑城旁 1室0厅,前进五路电脑城旁,1500,http://wh.58.com/pinpaigongyu/27008767495478x.shtml
【合租】吴家山 东建金鼎湾 3室主卧,东建金鼎湾,1300,http://wh.58.com/pinpaigongyu/27130124068785x.shtml
【整租】杨汊湖 杨汊湖一垸 1室0厅,杨汊湖一垸,980,http://wh.58.com/pinpaigongyu/26741162706607x.shtml
【合租】徐东 东湖尚郡 3室主卧,东湖尚郡,960,http://wh.58.com/pinpaigongyu/27128508494780x.shtml
【合租】关山 中冶南方韵湖首府 3室次卧,中冶南方韵湖首府,780,http://wh.58.com/pinpaigongyu/27150465315503x.shtml
【合租】积玉桥 绿地国际金融城 4室次卧,绿地国际金融城,999,http://wh.58.com/pinpaigongyu/27231037239758x.shtml
【合租】后湖 石桥花园 4室次卧,石桥花园,880,http://wh.58.com/pinpaigongyu/27117323753396x.shtml
【合租】友谊大道 沙湖港湾 3室主卧,沙湖港湾,780,http://wh.58.com/pinpaigongyu/27225761749570x.shtml
【合租】中北路 铁机盛世佳园 4室主卧,铁机盛世佳园,1060,http://wh.58.com/pinpaigongyu/27216705491521x.shtml
【合租】徐东 铂金天地 4室次卧,铂金天地,900,http://wh.58.com/pinpaigongyu/27216097175748x.shtml
【整租】江汉路 江汉路万达商业广 1室0厅,江汉路万达商业广,1500,http://wh.58.com/pinpaigongyu/27027057020618x.shtml
【整租】珞狮南路 幸福佳苑 1室0厅,幸福佳苑,1600,http://wh.58.com/pinpaigongyu/27094672345271x.shtml
【合租】卓刀泉 卓刀泉中学教工宿 4室主卧,卓刀泉中学教工宿,1000,http://wh.58.com/pinpaigongyu/27173384810049x.shtml
【合租】关山 锦绣龙城 3室次卧,锦绣龙城,900,http://wh.58.com/pinpaigongyu/27161550934970x.shtml
【合租】关山 紫菘逸景华庭 1室主卧,紫菘逸景华庭,1300,http://wh.58.com/pinpaigongyu/27225120251179x.shtml
【合租】中北路 武丰佳园 3室次卧,武丰佳园,880,http://wh.58.com/pinpaigongyu/27203287333069x.shtml
【整租】武昌火车站 魔方公寓武昌火车 1室0厅,【整租】武昌火车站,1700,http://wh.58.com/pinpaigongyu/27128049407534x.shtml
【合租】百步亭 百步亭花园现代城 4室主卧,百步亭花园现代城,1100,http://wh.58.com/pinpaigongyu/27236272440655x.shtml
【合租】光谷 阳光在线二期 1室主卧,阳光在线二期,1000,http://wh.58.com/pinpaigongyu/27163398004299x.shtml
【整租】后湖 后湖华庭 1室0厅,后湖华庭,980,http://wh.58.com/pinpaigongyu/26920985155278x.shtml
【合租】后湖 石桥花园 4室次卧,石桥花园,1200,http://wh.58.com/pinpaigongyu/26895238772527x.shtml
【合租】积玉桥 绿地国际金融城 3室主卧,绿地国际金融城,1200,http://wh.58.com/pinpaigongyu/27228819553706x.shtml
【合租】后湖 新地东方明珠 3室次卧,新地东方明珠,800,http://wh.58.com/pinpaigongyu/27083638605001x.shtml
【整租】珞狮南路 幸福佳苑 1室0厅,幸福佳苑,1500,http://wh.58.com/pinpaigongyu/27094614467512x.shtml
【整租】江汉大学 芒果公寓 1室0厅,【整租】江汉大学,980,http://wh.58.com/pinpaigongyu/27114534683704x.shtml
【整租】金色港湾 金利屋大厦 1室1厅,金利屋大厦,1730,http://wh.58.com/pinpaigongyu/27048616041146x.shtml
【合租】徐东 融海杰座 3室主卧,融海杰座,1100,http://wh.58.com/pinpaigongyu/27197544115148x.shtml
【合租】中北路 武丰佳园 1室主卧,武丰佳园,1180,http://wh.58.com/pinpaigongyu/27235313533392x.shtml
【合租】友谊大道 沙湖港湾 3室主卧,沙湖港湾,980,http://wh.58.com/pinpaigongyu/27204992638891x.shtml
【合租】光谷 菱角湖小区 3室次卧,菱角湖小区,1200,http://wh.58.com/pinpaigongyu/27005734847665x.shtml
【整租】街道口 未来公馆 1室0厅,未来公馆,1500,http://wh.58.com/pinpaigongyu/27173245909966x.shtml
【整租】卓刀泉 保利华都 1室0厅,保利华都,1300,http://wh.58.com/pinpaigongyu/27138453767357x.shtml
【合租】王家湾 龙阳一号 4室次卧,龙阳一号,700,http://wh.58.com/pinpaigongyu/27129003014964x.shtml
【整租】卓刀泉 保利华都 1室0厅,保利华都,1300,http://wh.58.com/pinpaigongyu/27138453767357x.shtml
【合租】王家湾 龙阳一号 4室次卧,龙阳一号,700,http://wh.58.com/pinpaigongyu/27129003014964x.shtml
【整租】后湖 后湖华庭 1室0厅,后湖华庭,900,http://wh.58.com/pinpaigongyu/27086949923625x.shtml
【合租】百步亭 香山花园 3室次卧,香山花园,800,http://wh.58.com/pinpaigongyu/27161411506623x.shtml
【整租】杨汊湖 杨汊湖二垸 1室0厅,杨汊湖二垸,980,http://wh.58.com/pinpaigongyu/26918983949514x.shtml
【整租】沌口周边 洪山家园 1室0厅,洪山家园,1200,http://wh.58.com/pinpaigongyu/27171176122939x.shtml
【合租】红钢城 武丰小区 3室主卧,武丰小区,1260,http://wh.58.com/pinpaigongyu/27095721001540x.shtml
【合租】百步亭 幸福时代 3室次卧,幸福时代,750,http://wh.58.com/pinpaigongyu/27106790958381x.shtml
【合租】洪山周边 沙湖港湾 3室主卧,沙湖港湾,1180,http://wh.58.com/pinpaigongyu/27227079208110x.shtml
【整租】新南湖 丽岛柳园 1室0厅,丽岛柳园,1400,http://wh.58.com/pinpaigongyu/27174245021880x.shtml
【整租】后湖 幸福时代 3室1厅,幸福时代,950,http://wh.58.com/pinpaigongyu/27195565269673x.shtml
【合租】后湖 石桥花园 4室次卧,石桥花园,1300,http://wh.58.com/pinpaigongyu/26895173225527x.shtml
【整租】光谷 祥和雅居 3室1厅,祥和雅居,950,http://wh.58.com/pinpaigongyu/27131367066667x.shtml
【合租】后湖 石桥花园 3室次卧,石桥花园,850,http://wh.58.com/pinpaigongyu/27062442345539x.shtml
【合租】钟家村 广电兰亭都荟 4室次卧,广电兰亭都荟,750,http://wh.58.com/pinpaigongyu/27214510984272x.shtml
【合租】后湖 石桥花园 4室次卧,石桥花园,1460,http://wh.58.com/pinpaigongyu/26895324414019x.shtml
【整租】前进/江汉 前进五路电脑城旁 1室0厅,前进五路电脑城旁,1500,http://wh.58.com/pinpaigongyu/27008865919536x.shtml
【整租】常青 华安里社区中铁南 1室0厅,华安里社区中铁南,900,http://wh.58.com/pinpaigongyu/27120893614778x.shtml
【合租】南湖花园 名士1号 3室次卧,名士1号,960,http://wh.58.com/pinpaigongyu/27150987888687x.shtml
【合租】徐东 铂金天地 4室次卧,铂金天地,1100,http://wh.58.com/pinpaigongyu/27128673505846x.shtml
【合租】团结大道 沙湖港湾 3室主卧,沙湖港湾,980,http://wh.58.com/pinpaigongyu/27227022932277x.shtml
【合租】光谷 光谷新世界 3室次卧,光谷新世界,850,http://wh.58.com/pinpaigongyu/27149127372589x.shtml
【合租】光谷 祥和雅居 3室次卧,祥和雅居,1200,http://wh.58.com/pinpaigongyu/27228786797742x.shtml
【合租】关山 金地格林东郡 3室主卧,金地格林东郡,1100,http://wh.58.com/pinpaigongyu/27061755478709x.shtml
【合租】徐东 爱家国际华城 3室次卧,爱家国际华城,900,http://wh.58.com/pinpaigongyu/27184778976696x.shtml
【整租】杨汊湖 杨汊湖五垸 1室0厅,杨汊湖五垸,980,http://wh.58.com/pinpaigongyu/26921017554619x.shtml
【整租】友谊大道 沙湖港湾 3室1厅,沙湖港湾,880,http://wh.58.com/pinpaigongyu/27235861295817x.shtml
【合租】南湖花园 保利中央公馆 3室次卧,保利中央公馆,1200,http://wh.58.com/pinpaigongyu/27094503143085x.shtml
【整租】台北香港路 中华城CRD国际 1室1厅,中华城CRD国际,1380,http://wh.58.com/pinpaigongyu/27220315523380x.shtml
【合租】新南湖 保利心语二期 6室主卧,保利心语二期,1030,http://wh.58.com/pinpaigongyu/27236057682473x.shtml
【整租】后湖 众联天美国际 3室1厅,众联天美国际,2200,http://wh.58.com/pinpaigongyu/27006370228154x.shtml
【合租】友谊大道 沙湖港湾 3室次卧,沙湖港湾,880,http://wh.58.com/pinpaigongyu/27225575555631x.shtml
【合租】徐东 铂金天地 3室次卧,铂金天地,900,http://wh.58.com/pinpaigongyu/27048308040523x.shtml
【合租】光谷 祥和雅居 4室次卧,祥和雅居,900,http://wh.58.com/pinpaigongyu/27103356896455x.shtml
【整租】街道口 幸福佳苑 1室1厅,幸福佳苑,1400,http://wh.58.com/pinpaigongyu/27050740281150x.shtml
【整租】光谷 祥和雅居 3室1厅,祥和雅居,3500,http://wh.58.com/pinpaigongyu/27227154470468x.shtml
【整租】江汉大学 芒果公寓 1室0厅,【整租】江汉大学,980,http://wh.58.com/pinpaigongyu/27170692903120x.shtml
【合租】街道口 南国雄楚广场 1室次卧,南国雄楚广场,1200,http://wh.58.com/pinpaigongyu/27214342923433x.shtml
【合租】后湖 汉口花园六期幽兰 3室次卧,汉口花园六期幽兰,800,http://wh.58.com/pinpaigongyu/27184610762431x.shtml
【合租】光谷 祥和雅居 3室主卧,祥和雅居,1300,http://wh.58.com/pinpaigongyu/27227097938873x.shtml
【整租】江汉大学 芒果公寓 1室0厅,【整租】江汉大学,980,http://wh.58.com/pinpaigongyu/27170692903120x.shtml
【合租】街道口 南国雄楚广场 1室次卧,南国雄楚广场,1200,http://wh.58.com/pinpaigongyu/27214342923433x.shtml
【合租】后湖 汉口花园六期幽兰 3室次卧,汉口花园六期幽兰,800,http://wh.58.com/pinpaigongyu/27184610762431x.shtml
【合租】光谷 祥和雅居 3室主卧,祥和雅居,1300,http://wh.58.com/pinpaigongyu/27227097938873x.shtml
【整租】珞狮南路 幸福佳苑 1室0厅,幸福佳苑,1400,http://wh.58.com/pinpaigongyu/26861222734779x.shtml
【合租】光谷 祥和雅居 4室主卧,祥和雅居,1200,http://wh.58.com/pinpaigongyu/27158598951876x.shtml
【合租】友谊大道 东方玉龙居 3室次卧,东方玉龙居,860,http://wh.58.com/pinpaigongyu/27095867725132x.shtml
【合租】徐东 水岸星城一期 3室主卧,水岸星城一期,1100,http://wh.58.com/pinpaigongyu/27228869660871x.shtml
【合租】中北路 武丰佳园 1室次卧,武丰佳园,880,http://wh.58.com/pinpaigongyu/27224555770803x.shtml
【合租】东亭 沙湖港湾 3室主卧,沙湖港湾,1180,http://wh.58.com/pinpaigongyu/27205101868096x.shtml
【合租】三阳路 三星阳景园 4室次卧,三星阳景园,980,http://wh.58.com/pinpaigongyu/26962368764339x.shtml
【合租】徐东 武丰佳园 1室主卧,武丰佳园,1080,http://wh.58.com/pinpaigongyu/27214270814637x.shtml
【合租】团结大道 武丰佳园 3室主卧,武丰佳园,1080,http://wh.58.com/pinpaigongyu/27224788288567x.shtml
【整租】常青 华安里社区中铁南 1室0厅,华安里社区中铁南,900,http://wh.58.com/pinpaigongyu/27120763389620x.shtml
【整租】常青 华安里社区中铁南 1室0厅,华安里社区中铁南,900,http://wh.58.com/pinpaigongyu/27120776683190x.shtml
【合租】宝丰 时代天骄 4室次卧,时代天骄,1280,http://wh.58.com/pinpaigongyu/26893907374262x.shtml
【整租】前进/江汉 前进五路电脑城旁 1室0厅,前进五路电脑城旁,1500,http://wh.58.com/pinpaigongyu/26963113730862x.shtml
【整租】光谷 乐家小屋长租公寓 1室1厅,【整租】光谷,1800,http://wh.58.com/pinpaigongyu/27118108448207x.shtml
【合租】崇仁路 同馨花园雍豪府 3室次卧,同馨花园雍豪府,1780,http://wh.58.com/pinpaigongyu/26895270047411x.shtml
【合租】新南湖 芷岸龙庭 4室次卧,芷岸龙庭,800,http://wh.58.com/pinpaigongyu/27048729565392x.shtml
【合租】百步亭 海赋江城天韵 3室次卧,海赋江城天韵,850,http://wh.58.com/pinpaigongyu/27062330561098x.shtml
【合租】珞狮南路 名士一号 3室次卧,名士一号,960,http://wh.58.com/pinpaigongyu/27161820062121x.shtml
【合租】徐东 水岸星城一期 3室次卧,水岸星城一期,1000,http://wh.58.com/pinpaigongyu/27228879563177x.shtml
【合租】常青 汉口花园三期 3室次卧,汉口花园三期,700,http://wh.58.com/pinpaigongyu/27083489871806x.shtml
【整租】江汉路 江汉路步行街商铺 1室0厅,江汉路步行街商铺,1500,http://wh.58.com/pinpaigongyu/27008879111469x.shtml
【合租】徐东 沙湖港湾 3室主卧,沙湖港湾,1080,http://wh.58.com/pinpaigongyu/27183270364856x.shtml
【合租】团结大道 沙湖港湾 3室次卧,沙湖港湾,680,http://wh.58.com/pinpaigongyu/27182773339843x.shtml
【合租】东亭 4号地铁 沙湖港 4室主卧,4号地铁,980,http://wh.58.com/pinpaigongyu/27194198779576x.shtml
【整租】徐东 华润置地橡树湾 2室1厅,华润置地橡树湾,2600,http://wh.58.com/pinpaigongyu/27216781453504x.shtml
【合租】后湖 汉口城市广场 4室次卧,汉口城市广场,680,http://wh.58.com/pinpaigongyu/27159212449219x.shtml
【合租】珞狮南路 南国大家装 2室主卧,南国大家装,1700,http://wh.58.com/pinpaigongyu/27161893176782x.shtml
【整租】江汉大学 芒果公寓 1室0厅,【整租】江汉大学,980,http://wh.58.com/pinpaigongyu/27083583250375x.shtml
【整租】江汉大学 芒果公寓 1室0厅,【整租】江汉大学,980,http://wh.58.com/pinpaigongyu/27136217437001x.shtml
【合租】友谊大道 武丰佳园 4室次卧,武丰佳园,880,http://wh.58.com/pinpaigongyu/27227989748293x.shtml
【整租】常青 杨汊湖社区 1室0厅,杨汊湖社区,980,http://wh.58.com/pinpaigongyu/26918239904173x.shtml
【合租】街道口 鹏程蕙园 1室主卧,鹏程蕙园,1300,http://wh.58.com/pinpaigongyu/27179363393602x.shtml
【合租】徐家棚 铁机馨苑 4室主卧,铁机馨苑,1260,http://wh.58.com/pinpaigongyu/27082093999151x.shtml
【整租】杨汊湖 石桥华园 1室0厅,石桥华园,800,http://wh.58.com/pinpaigongyu/27234449539647x.shtml
【合租】徐东 东湖尚郡 4室次卧,东湖尚郡,960,http://wh.58.com/pinpaigongyu/27095880865870x.shtml
【合租】硚口周边 葛洲坝城市花园 4室次卧,葛洲坝城市花园,1300,http://wh.58.com/pinpaigongyu/26838457599281x.shtml
【合租】徐东 三角花园 3室主卧,三角花园,1200,http://wh.58.com/pinpaigongyu/26606078748347x.shtml
【整租】常青 华安里社区中铁南 1室0厅,华安里社区中铁南,900,http://wh.58.com/pinpaigongyu/27120796930765x.shtml
【合租】后湖 盛世东方 3室次卧,盛世东方,1200,http://wh.58.com/pinpaigongyu/26961579708081x.shtml
【整租】徐东 武丰佳园 3室1厅,武丰佳园,880,http://wh.58.com/pinpaigongyu/27235353074357x.shtml
【合租】徐东 华润置地橡树湾 3室次卧,华润置地橡树湾,860,http://wh.58.com/pinpaigongyu/27050840324295x.shtml
【整租】王家湾 好易娜大厦 1室1厅,好易娜大厦,1400,http://wh.58.com/pinpaigongyu/27072907600711x.shtml
【整租】新南湖 丽岛柳园 1室0厅,丽岛柳园,1400,http://wh.58.com/pinpaigongyu/27214407823933x.shtml
【整租】常青 华安里社区 1室0厅,华安里社区,980,http://wh.58.com/pinpaigongyu/27120407753927x.shtml
【整租】前进/江汉 民意综合楼 1室1厅,民意综合楼,1380,http://wh.58.com/pinpaigongyu/27220513853634x.shtml
【整租】街道口 京韵花园 1室0厅,京韵花园,1300,http://wh.58.com/pinpaigongyu/27157830040521x.shtml
【整租】江汉大学 芒果公寓 1室0厅,【整租】江汉大学,980,http://wh.58.com/pinpaigongyu/27136290330186x.shtml
【整租】江汉大学 芒果公寓 1室0厅,【整租】江汉大学,980,http://wh.58.com/pinpaigongyu/27151042546475x.shtml
【合租】积玉桥 水岸国际 4室次卧,水岸国际,999,http://wh.58.com/pinpaigongyu/27230750118073x.shtml
【整租】江汉大学 芒果公寓 1室0厅,【整租】江汉大学,980,http://wh.58.com/pinpaigongyu/27227941704376x.shtml
【整租】后湖 众联天美国际 1室1厅,众联天美国际,1600,http://wh.58.com/pinpaigongyu/27084231549504x.shtml
【合租】后湖 星悦城 3室次卧,星悦城,650,http://wh.58.com/pinpaigongyu/27062193280336x.shtml
【整租】卓刀泉 保利华都二期 1室0厅,保利华都二期,1300,http://wh.58.com/pinpaigongyu/27131409044680x.shtml
【整租】街道口 未来公馆 1室0厅,未来公馆,1500,http://wh.58.com/pinpaigongyu/27173216716718x.shtml
【合租】团结大道 武丰佳园 1室主卧,武丰佳园,1080,http://wh.58.com/pinpaigongyu/27235516312502x.shtml
【合租】钟家村 世茂锦绣长江 4室次卧,世茂锦绣长江,1300,http://wh.58.com/pinpaigongyu/27070358513588x.shtml
【整租】杨汊湖 杨汊湖一垸 1室0厅,杨汊湖一垸,980,http://wh.58.com/pinpaigongyu/26738739023549x.shtml
【合租】徐东 武丰佳园 3室次卧,武丰佳园,880,http://wh.58.com/pinpaigongyu/27203533589180x.shtml
【合租】积玉桥 湖大琴园 4室次卧,湖大琴园,1160,http://wh.58.com/pinpaigongyu/27197700315834x.shtml
【整租】司门口 魔方公寓鲇鱼套店 1室0厅,【整租】司门口,1480,http://wh.58.com/pinpaigongyu/27184547670198x.shtml
【整租】街道口 未来公馆 1室0厅,未来公馆,1500,http://wh.58.com/pinpaigongyu/27187805354436x.shtml
【合租】钟家村 广电兰亭都荟 4室主卧,广电兰亭都荟,1200,http://wh.58.com/pinpaigongyu/27161566071089x.shtml
【整租】光谷 乐家小屋长租公寓 1室1厅,【整租】光谷,1800,http://wh.58.com/pinpaigongyu/27114712443845x.shtml
【合租】新南湖 明泽丰华苑 1室次卧,明泽丰华苑,1100,http://wh.58.com/pinpaigongyu/26517391356872x.shtml
【整租】藏龙岛 藏龙岛 1室1厅,藏龙岛,1600,http://wh.58.com/pinpaigongyu/27048820524736x.shtml
【整租】珞狮南路 幸福佳苑 1室0厅,幸福佳苑,1500,http://wh.58.com/pinpaigongyu/27094684567094x.shtml
【合租】杨汊湖 福星惠誉福星华府 3室次卧,福星惠誉福星华府,1200,http://wh.58.com/pinpaigongyu/26928360123565x.shtml
【整租】江汉路 江汉路万达商业广 1室0厅,江汉路万达商业广,1500,http://wh.58.com/pinpaigongyu/27008823535036x.shtml
【合租】街道口 群光上苑 4室次卧,群光上苑,960,http://wh.58.com/pinpaigongyu/27107035748532x.shtml
【合租】徐东 武丰家园 1室主卧,武丰家园,1280,http://wh.58.com/pinpaigongyu/27235522448186x.shtml
【整租】街道口 未来公馆 1室0厅,未来公馆,1500,http://wh.58.com/pinpaigongyu/27129803049004x.shtml
【合租】珞狮南路 幸福佳苑 3室主卧,幸福佳苑,1200,http://wh.58.com/pinpaigongyu/27158787295299x.shtml
【合租】百步亭 百步亭花园现代城 4室主卧,百步亭花园现代城,1200,http://wh.58.com/pinpaigongyu/27195479613118x.shtml
【整租】前进/江汉 前进五路电脑城旁 1室0厅,前进五路电脑城旁,1500,http://wh.58.com/pinpaigongyu/26952599376848x.shtml
【合租】后湖 香山花园 3室主卧,香山花园,950,http://wh.58.com/pinpaigongyu/27084805251394x.shtml
【合租】常青 浩海丰太花园 3室主卧,浩海丰太花园,850,http://wh.58.com/pinpaigongyu/27051439454507x.shtml
【合租】中北路 武丰佳园 1室主卧,武丰佳园,1080,http://wh.58.com/pinpaigongyu/27224677834050x.shtml
【整租】珞狮南路 幸福佳苑 1室0厅,幸福佳苑,1500,http://wh.58.com/pinpaigongyu/27094636199246x.shtml
【整租】中北路 复地东湖国际 3室1厅,复地东湖国际,1200,http://wh.58.com/pinpaigongyu/27227967780682x.shtml
【整租】江汉路 江汉路万达商业广 1室0厅,江汉路万达商业广,1500,http://wh.58.com/pinpaigongyu/27008885725105x.shtml
【合租】建设二路 奥山世纪城 3室次卧,奥山世纪城,900,http://wh.58.com/pinpaigongyu/27128706110659x.shtml
【整租】江汉路 江汉路万达商业广 1室0厅,江汉路万达商业广,1500,http://wh.58.com/pinpaigongyu/27008834289325x.shtml
【合租】红钢城 武丰小区 3室次卧,武丰小区,800,http://wh.58.com/pinpaigongyu/27216467658682x.shtml
【合租】团结大道 沙湖港湾 3室次卧,沙湖港湾,780,http://wh.58.com/pinpaigongyu/27224590880704x.shtml
【合租】后湖 同鑫花园景福苑 3室主卧,同鑫花园景福苑,800,http://wh.58.com/pinpaigongyu/27161187188426x.shtml
【合租】钟家村 广电兰亭都荟 4室次卧,广电兰亭都荟,750,http://wh.58.com/pinpaigongyu/27095940926158x.shtml
【合租】后湖 石桥花园 4室次卧,石桥花园,1160,http://wh.58.com/pinpaigongyu/27117330998989x.shtml
【合租】后湖 星悦城 3室次卧,星悦城,650,http://wh.58.com/pinpaigongyu/27106920163121x.shtml
【合租】徐东 华润置地橡树湾 3室次卧,华润置地橡树湾,900,http://wh.58.com/pinpaigongyu/27216441651148x.shtml
【合租】百步亭 幸福时代 3室次卧,幸福时代,777,http://wh.58.com/pinpaigongyu/27217351440572x.shtml
【合租】友谊大道 沙湖港湾 3室主卧,沙湖港湾,1080,http://wh.58.com/pinpaigongyu/27203350445515x.shtml
【合租】二七路 东立国际 3室次卧,东立国际,1400,http://wh.58.com/pinpaigongyu/26928466097213x.shtml
【合租】后湖 汉口城市广场 3室次卧,汉口城市广场,800,http://wh.58.com/pinpaigongyu/27106868471760x.shtml
【合租】光谷 金地雄楚1号 3室次卧,金地雄楚1号,1100,http://wh.58.com/pinpaigongyu/27227730218432x.shtml
【合租】徐东 沙湖港湾 3室次卧,沙湖港湾,1080,http://wh.58.com/pinpaigongyu/27236001407923x.shtml
【整租】常青 华安里社区中铁南 1室0厅,华安里社区中铁南,980,http://wh.58.com/pinpaigongyu/26898640097219x.shtml
【整租】常青 华安里社区中铁南 1室0厅,华安里社区中铁南,980,http://wh.58.com/pinpaigongyu/26898640097219x.shtml
【合租】积玉桥 湖大琴园 3室次卧,湖大琴园,999,http://wh.58.com/pinpaigongyu/27236041765824x.shtml
【合租】后湖 陌陌屋 3室次卧,陌陌屋,800,http://wh.58.com/pinpaigongyu/27162044792380x.shtml
【整租】江汉大学 洪山家园温馨四人 1室0厅,洪山家园温馨四人,1400,http://wh.58.com/pinpaigongyu/27118366122666x.shtml
【整租】江汉大学 洪山家园四人间 1室0厅,洪山家园四人间,1400,http://wh.58.com/pinpaigongyu/27150013763635x.shtml
【合租】硚口周边 建国社区 5室次卧,建国社区,1180,http://wh.58.com/pinpaigongyu/27037044118987x.shtml
【整租】前进/江汉 前进五路电脑城旁 1室0厅,前进五路电脑城旁,1500,http://wh.58.com/pinpaigongyu/27008795584955x.shtml
【整租】台北香港路 台北二路小区 1室1厅,台北二路小区,1380,http://wh.58.com/pinpaigongyu/27220421771181x.shtml
【合租】友谊大道 武丰佳园 3室主卧,武丰佳园,980,http://wh.58.com/pinpaigongyu/27191558291763x.shtml
【合租】古田 丽水康城 3室次卧,丽水康城,1280,http://wh.58.com/pinpaigongyu/26895307066185x.shtml
【合租】百步亭 新荣苑小区 4室次卧,新荣苑小区,1300,http://wh.58.com/pinpaigongyu/27125520927660x.shtml
【合租】徐家棚 九坤秦南都汇 3室主卧,九坤秦南都汇,1000,http://wh.58.com/pinpaigongyu/27059654555834x.shtml
【整租】光谷 瑞成佳苑 4室1厅,瑞成佳苑,3800,http://wh.58.com/pinpaigongyu/27139640422578x.shtml
【合租】光谷 米兰印象 4室次卧,米兰印象,1200,http://wh.58.com/pinpaigongyu/27083395505978x.shtml
【整租】街道口 珞桂路99号 1室0厅,珞桂路99号,1300,http://wh.58.com/pinpaigongyu/27116126587339x.shtml
【整租】光谷 康泰花园新竹苑 4室1厅,康泰花园新竹苑,4500,http://wh.58.com/pinpaigongyu/27206319404723x.shtml
【合租】三阳路 三星阳景园 4室次卧,三星阳景园,1700,http://wh.58.com/pinpaigongyu/26962415923920x.shtml
【合租】后湖 石桥花园 4室主卧,石桥花园,1260,http://wh.58.com/pinpaigongyu/26895243887916x.shtml
【整租】后湖 后湖花苑 1室0厅,后湖花苑,900,http://wh.58.com/pinpaigongyu/26998184834889x.shtml
【合租】王家湾 磨山港湾 4室次卧,磨山港湾,800,http://wh.58.com/pinpaigongyu/27214325013172x.shtml
【合租】后湖 金桥福景苑 3室主卧,金桥福景苑,1200,http://wh.58.com/pinpaigongyu/27083705484868x.shtml
【合租】友谊大道 沙湖港湾 1室次卧,沙湖港湾,880,http://wh.58.com/pinpaigongyu/27237062778826x.shtml
【整租】常青 汉兴街常四社区 1室0厅,汉兴街常四社区,980,http://wh.58.com/pinpaigongyu/26918686500935x.shtml
【合租】珞狮南路 泰然南湖玫瑰湾 4室次卧,泰然南湖玫瑰湾,700,http://wh.58.com/pinpaigongyu/27214694301630x.shtml
【合租】杨汊湖 顶秀国际公馆 4室次卧,顶秀国际公馆,1500,http://wh.58.com/pinpaigongyu/27147827062595x.shtml
【合租】七里庙 江欣苑5期 4室次卧,江欣苑5期,700,http://wh.58.com/pinpaigongyu/27072998475855x.shtml
【合租】后湖 石桥花园 4室次卧,石桥花园,1180,http://wh.58.com/pinpaigongyu/26895332836157x.shtml
【整租】常青 华安里社区中铁南 1室0厅,华安里社区中铁南,900,http://wh.58.com/pinpaigongyu/27120840409397x.shtml
【合租】光谷 统建天城美雅 3室次卧,统建天城美雅,860,http://wh.58.com/pinpaigongyu/27095953897129x.shtml
【合租】中北路 铁建1818 1室主卧,铁建1818,1480,http://wh.58.com/pinpaigongyu/27213336127928x.shtml
【合租】二七路 星海蓝天 4室次卧,星海蓝天,1980,http://wh.58.com/pinpaigongyu/27148306840261x.shtml
【整租】光谷 祥和雅居 3室1厅,祥和雅居,3500,http://wh.58.com/pinpaigongyu/27227388320208x.shtml
【合租】光谷 祥和雅居 4室次卧,祥和雅居,1000,http://wh.58.com/pinpaigongyu/27238208989108x.shtml
【合租】徐东 保利城 3室次卧,保利城,700,http://wh.58.com/pinpaigongyu/27050362185040x.shtml
【合租】积玉桥 绿地国际金融城 3室主卧,绿地国际金融城,1100,http://wh.58.com/pinpaigongyu/27228756225458x.shtml
【整租】王家湾 好易娜大厦 1室1厅,好易娜大厦,1400,http://wh.58.com/pinpaigongyu/27161767401805x.shtml
【合租】百步亭 幸福时代 3室次卧,幸福时代,770,http://wh.58.com/pinpaigongyu/27051544049069x.shtml
【合租】团结大道 武丰佳园 1室次卧,武丰佳园,880,http://wh.58.com/pinpaigongyu/27235560830789x.shtml
【合租】后湖 幸福时代 3室主卧,幸福时代,950,http://wh.58.com/pinpaigongyu/27236197369930x.shtml
【合租】光谷 祥和雅居 4室主卧,祥和雅居,1000,http://wh.58.com/pinpaigongyu/27006538428586x.shtml
【整租】台北香港路 台北三村 1室1厅,台北三村,1380,http://wh.58.com/pinpaigongyu/27220273480517x.shtml
【整租】沌口周边 芒果公寓 1室0厅,【整租】沌口周边,980,http://wh.58.com/pinpaigongyu/27236063172393x.shtml
【合租】红钢城 沙湖港湾 3室次卧,沙湖港湾,880,http://wh.58.com/pinpaigongyu/27203330165045x.shtml
【整租】珞狮南路 幸福佳苑 1室0厅,幸福佳苑,1500,http://wh.58.com/pinpaigongyu/27085787747146x.shtml
【整租】杨汊湖 福星华府 3室1厅,福星华府,1280,http://wh.58.com/pinpaigongyu/27116852926533x.shtml
【合租】光谷 祥和雅居 4室主卧,祥和雅居,1000,http://wh.58.com/pinpaigongyu/27006562253867x.shtml
【合租】王家湾 中铁国际城 1室主卧,中铁国际城,950,http://wh.58.com/pinpaigongyu/27171984440891x.shtml
【合租】后湖 石桥花园 3室次卧,石桥花园,800,http://wh.58.com/pinpaigongyu/27161668790343x.shtml
【合租】丁字桥 鸿岭花园 3室主卧,鸿岭花园,1160,http://wh.58.com/pinpaigongyu/27050789333172x.shtml
【整租】街道口 南国雄楚广场 1室0厅,南国雄楚广场,1600,http://wh.58.com/pinpaigongyu/27207183297732x.shtml
【合租】徐东 武丰佳园 3室次卧,武丰佳园,880,http://wh.58.com/pinpaigongyu/27224544030377x.shtml
【合租】友谊大道 沙湖港湾 3室主卧,沙湖港湾,880,http://wh.58.com/pinpaigongyu/27181036216898x.shtml
【整租】沌口周边 洪山家园四人间 1室0厅,洪山家园四人间,1200,http://wh.58.com/pinpaigongyu/27228075408205x.shtml
【合租】光谷 风度柏林 3室主卧,风度柏林,1200,http://wh.58.com/pinpaigongyu/27227988591173x.shtml
【合租】徐东 保利城 3室次卧,保利城,750,http://wh.58.com/pinpaigongyu/27184729128387x.shtml
【合租】光谷 祥和雅居 4室主卧,祥和雅居,1000,http://wh.58.com/pinpaigongyu/27005029423695x.shtml
【合租】后湖 星悦城 3室次卧,星悦城,700,http://wh.58.com/pinpaigongyu/27083936332230x.shtml
【合租】新华路 都市花园上园 1室主卧,都市花园上园,1360,http://wh.58.com/pinpaigongyu/26895639354314x.shtml
【合租】积玉桥 水岸国际 4室次卧,水岸国际,999,http://wh.58.com/pinpaigongyu/27231022739532x.shtml
【整租】新华路 台北花园 1室1厅,台北花园,1380,http://wh.58.com/pinpaigongyu/27220407967160x.shtml
【合租】街道口 鹏程蕙园 1室次卧,鹏程蕙园,1000,http://wh.58.com/pinpaigongyu/27237530012608x.shtml
【整租】江汉大学 芒果公寓 1室0厅,【整租】江汉大学,980,http://wh.58.com/pinpaigongyu/27236140155972x.shtml
【整租】硚口周边 月湖桥公寓 1室0厅,【整租】硚口周边,900,http://wh.58.com/pinpaigongyu/27215437683015x.shtml
【合租】后湖 金桥福景苑 3室主卧,金桥福景苑,1200,http://wh.58.com/pinpaigongyu/27083705484868x.shtml
【合租】友谊大道 沙湖港湾 1室次卧,沙湖港湾,880,http://wh.58.com/pinpaigongyu/27237062778826x.shtml
【整租】常青 汉兴街常四社区 1室0厅,汉兴街常四社区,980,http://wh.58.com/pinpaigongyu/26918686500935x.shtml
【合租】珞狮南路 泰然南湖玫瑰湾 4室次卧,泰然南湖玫瑰湾,700,http://wh.58.com/pinpaigongyu/27214694301630x.shtml
【合租】杨汊湖 顶秀国际公馆 4室次卧,顶秀国际公馆,1500,http://wh.58.com/pinpaigongyu/27147827062595x.shtml
【合租】七里庙 江欣苑5期 4室次卧,江欣苑5期,700,http://wh.58.com/pinpaigongyu/27072998475855x.shtml
【合租】后湖 石桥花园 4室次卧,石桥花园,1180,http://wh.58.com/pinpaigongyu/26895332836157x.shtml
【整租】常青 华安里社区中铁南 1室0厅,华安里社区中铁南,900,http://wh.58.com/pinpaigongyu/27120840409397x.shtml
【合租】光谷 统建天城美雅 3室次卧,统建天城美雅,860,http://wh.58.com/pinpaigongyu/27095953897129x.shtml
【合租】中北路 铁建1818 1室主卧,铁建1818,1480,http://wh.58.com/pinpaigongyu/27213336127928x.shtml
【合租】二七路 星海蓝天 4室次卧,星海蓝天,1980,http://wh.58.com/pinpaigongyu/27148306840261x.shtml
【整租】光谷 祥和雅居 3室1厅,祥和雅居,3500,http://wh.58.com/pinpaigongyu/27227388320208x.shtml
【合租】光谷 祥和雅居 4室次卧,祥和雅居,1000,http://wh.58.com/pinpaigongyu/27238208989108x.shtml
【合租】徐东 保利城 3室次卧,保利城,700,http://wh.58.com/pinpaigongyu/27050362185040x.shtml
【合租】积玉桥 绿地国际金融城 3室主卧,绿地国际金融城,1100,http://wh.58.com/pinpaigongyu/27228756225458x.shtml
【整租】王家湾 好易娜大厦 1室1厅,好易娜大厦,1400,http://wh.58.com/pinpaigongyu/27161767401805x.shtml
【合租】后湖 幸福时代 3室主卧,幸福时代,900,http://wh.58.com/pinpaigongyu/27083507411529x.shtml
【整租】王家湾 好易娜大厦 1室1厅,好易娜大厦,1400,http://wh.58.com/pinpaigongyu/27161767401805x.shtml
【合租】后湖 幸福时代 3室主卧,幸福时代,900,http://wh.58.com/pinpaigongyu/27083507411529x.shtml
【合租】百步亭 幸福时代 3室次卧,幸福时代,770,http://wh.58.com/pinpaigongyu/27051544049069x.shtml
【合租】团结大道 武丰佳园 1室次卧,武丰佳园,880,http://wh.58.com/pinpaigongyu/27235560830789x.shtml
【合租】后湖 幸福时代 3室主卧,幸福时代,950,http://wh.58.com/pinpaigongyu/27236197369930x.shtml
【合租】光谷 祥和雅居 4室主卧,祥和雅居,1000,http://wh.58.com/pinpaigongyu/27006538428586x.shtml
【合租】珞狮南路 金地格林小城莱茵 3室次卧,金地格林小城莱茵,960,http://wh.58.com/pinpaigongyu/27214911242448x.shtml
【整租】杨汊湖 杨汊湖二垸 1室0厅,杨汊湖二垸,900,http://wh.58.com/pinpaigongyu/27008760119867x.shtml
【合租】团结大道 武丰佳园 3室主卧,武丰佳园,1180,http://wh.58.com/pinpaigongyu/27216345274432x.shtml
【合租】二七路 东立国际 3室次卧,东立国际,1400,http://wh.58.com/pinpaigongyu/26928476154185x.shtml
【合租】新华路 三金华都 1室次卧,三金华都,900,http://wh.58.com/pinpaigongyu/27225962008781x.shtml
【合租】光谷 曙光星城 3室次卧,曙光星城,1000,http://wh.58.com/pinpaigongyu/27105431492814x.shtml
【合租】徐东 三角花园 3室次卧,三角花园,930,http://wh.58.com/pinpaigongyu/27128625686460x.shtml
【合租】徐东 纯水岸东湖 3室次卧,纯水岸东湖,700,http://wh.58.com/pinpaigongyu/27184795818413x.shtml
【合租】光谷 祥和雅居 4室主卧,祥和雅居,1100,http://wh.58.com/pinpaigongyu/27103589451339x.shtml
【合租】光谷 长航蓝晶国际 3室次卧,长航蓝晶国际,860,http://wh.58.com/pinpaigongyu/27083356223304x.shtml
【合租】光谷 八一花园 4室次卧,八一花园,900,http://wh.58.com/pinpaigongyu/27050246020299x.shtml
【整租】武胜路 魔方公寓江汉一桥 1室0厅,【整租】武胜路,1630,http://wh.58.com/pinpaigongyu/27051182141006x.shtml
【整租】徐东 铂金天地 4室1厅,铂金天地,950,http://wh.58.com/pinpaigongyu/27147736820547x.shtml
【整租】光谷 祥和雅居 3室1厅,祥和雅居,3500,http://wh.58.com/pinpaigongyu/27227080507068x.shtml
【合租】团结大道 沙湖港湾 3室主卧,沙湖港湾,780,http://wh.58.com/pinpaigongyu/27225479044410x.shtml
【整租】珞狮南路 幸福佳苑 1室0厅,幸福佳苑,1500,http://wh.58.com/pinpaigongyu/27118154535612x.shtml
【整租】江汉大学 芒果公寓 1室0厅,【整租】江汉大学,980,http://wh.58.com/pinpaigongyu/27125931256392x.shtml
【合租】宝丰 时代天骄 3室次卧,时代天骄,1580,http://wh.58.com/pinpaigongyu/26895585874225x.shtml
【合租】徐东 纯水岸东湖 3室次卧,纯水岸东湖,800,http://wh.58.com/pinpaigongyu/27161977474237x.shtml
【合租】积玉桥 绿地国际金融城 3室主卧,绿地国际金融城,1200,http://wh.58.com/pinpaigongyu/27173332645689x.shtml
【整租】前进/江汉 前进五路电脑城旁 1室0厅,前进五路电脑城旁,1500,http://wh.58.com/pinpaigongyu/27008772357036x.shtml
【合租】友谊大道 沙湖港湾 3室主卧,沙湖港湾,880,http://wh.58.com/pinpaigongyu/27224932390324x.shtml
【合租】王家湾 磨山港湾 4室次卧,磨山港湾,850,http://wh.58.com/pinpaigongyu/27206572614191x.shtml
【整租】沌口周边 洪山家园 1室0厅,洪山家园,1200,http://wh.58.com/pinpaigongyu/27118364062259x.shtml
【整租】沌口周边 洪山家园 1室0厅,洪山家园,1200,http://wh.58.com/pinpaigongyu/27236059066291x.shtml
【合租】东亭 武丰家园 1室主卧,武丰家园,1280,http://wh.58.com/pinpaigongyu/27235620345397x.shtml
【合租】徐家棚 九坤秦南都汇 3室主卧,九坤秦南都汇,1250,http://wh.58.com/pinpaigongyu/27059645047611x.shtml
【整租】街道口 鸿桂苑 2室2厅,鸿桂苑,2100,http://wh.58.com/pinpaigongyu/27073057854535x.shtml
【整租】常青 福星华府 1室0厅,福星华府,750,http://wh.58.com/pinpaigongyu/27229224039376x.shtml
【合租】光谷 祥和雅居 4室次卧,祥和雅居,900,http://wh.58.com/pinpaigongyu/27092537952435x.shtml
【整租】江汉大学 芒果公寓 1室0厅,【整租】江汉大学,980,http://wh.58.com/pinpaigongyu/27216834204476x.shtml
【整租】珞狮南路 幸福佳苑 1室0厅,幸福佳苑,1400,http://wh.58.com/pinpaigongyu/27162825636394x.shtml
【整租】关山 紫菘逸景华庭 1室0厅,紫菘逸景华庭,1200,http://wh.58.com/pinpaigongyu/27119994566216x.shtml
【整租】沌口周边 洪山家园四人间 1室0厅,洪山家园四人间,1400,http://wh.58.com/pinpaigongyu/27126463015338x.shtml
【合租】百步亭 海赋江城天韵 3室主卧,海赋江城天韵,800,http://wh.58.com/pinpaigongyu/27083332602168x.shtml
【合租】钟家村 世茂锦绣长江 4室次卧,世茂锦绣长江,1500,http://wh.58.com/pinpaigongyu/27070346671289x.shtml
【合租】常青 福星城 5室次卧,福星城,980,http://wh.58.com/pinpaigongyu/27132566522831x.shtml
【整租】江汉路 江汉路万达商业广 1室0厅,江汉路万达商业广,1500,http://wh.58.com/pinpaigongyu/27008873251881x.shtml
【合租】徐东 铁机盛世花园 4室次卧,铁机盛世花园,1100,http://wh.58.com/pinpaigongyu/27228527406924x.shtml
【合租】余家头 怡景苑 3室次卧,怡景苑,760,http://wh.58.com/pinpaigongyu/27128123549116x.shtml
【合租】后湖 石桥花园 4室次卧,石桥花园,800,http://wh.58.com/pinpaigongyu/26895123617325x.shtml
【合租】后湖 石桥花园二期 5室次卧,石桥花园二期,900,http://wh.58.com/pinpaigongyu/27205878384821x.shtml
【合租】后湖 汉口城市广场 3室次卧,汉口城市广场,877,http://wh.58.com/pinpaigongyu/27062232396852x.shtml
【合租】杨汊湖 福星华府 4室次卧,福星华府,1200,http://wh.58.com/pinpaigongyu/27158701929398x.shtml
【合租】后湖 石桥花园 4室次卧,石桥花园,1000,http://wh.58.com/pinpaigongyu/26895188397886x.shtml
【合租】百步亭 幸福时代 3室次卧,幸福时代,800,http://wh.58.com/pinpaigongyu/27184674200260x.shtml
【合租】常青 浩海丰太花园 3室次卧,浩海丰太花园,850,http://wh.58.com/pinpaigongyu/27062360560298x.shtml
【整租】徐东 华润置地橡树湾 2室1厅,华润置地橡树湾,2600,http://wh.58.com/pinpaigongyu/27184767970879x.shtml
【合租】街道口 鸿达苑 3室主卧,鸿达苑,1190,http://wh.58.com/pinpaigongyu/27150744075570x.shtml
【合租】常青 汉口花园三期 3室主卧,汉口花园三期,900,http://wh.58.com/pinpaigongyu/27083488886724x.shtml
【整租】前进/江汉 友谊路海关宿舍 1室1厅,友谊路海关宿舍,1380,http://wh.58.com/pinpaigongyu/27220536148932x.shtml
【合租】徐东 东湖景园 4室次卧,东湖景园,900,http://wh.58.com/pinpaigongyu/27228323981866x.shtml
【整租】珞狮南路 幸福佳苑 1室1厅,幸福佳苑,1700,http://wh.58.com/pinpaigongyu/27137283497159x.shtml
【整租】常青 华安里社区中铁南 1室0厅,华安里社区中铁南,900,http://wh.58.com/pinpaigongyu/27120576039607x.shtml
【整租】常青 华安里社区中铁南 1室0厅,华安里社区中铁南,900,http://wh.58.com/pinpaigongyu/27120576039607x.shtml
【合租】光谷 文豪苑 3室主卧,文豪苑,1100,http://wh.58.com/pinpaigongyu/27081845958462x.shtml
【合租】中北路 武丰家园 1室次卧,武丰家园,880,http://wh.58.com/pinpaigongyu/27235732233156x.shtml
【合租】东亭 武丰佳园 3室主卧,武丰佳园,1180,http://wh.58.com/pinpaigongyu/27227005603644x.shtml
【合租】郭茨口 锦绣汉江 4室次卧,锦绣汉江,750,http://wh.58.com/pinpaigongyu/27084793358022x.shtml
【合租】徐家棚 九坤秦南都汇 3室次卧,九坤秦南都汇,950,http://wh.58.com/pinpaigongyu/27016454967210x.shtml
【合租】徐东 武丰佳园 3室主卧,武丰佳园,880,http://wh.58.com/pinpaigongyu/27227044615106x.shtml
【合租】百步亭 汉口新城公园世家 4室次卧,汉口新城公园世家,1100,http://wh.58.com/pinpaigongyu/27051547782474x.shtml
【合租】百步亭 汉口新城公园世家 4室次卧,汉口新城公园世家,1260,http://wh.58.com/pinpaigongyu/27051532017729x.shtml
【合租】二七路 东立国际 3室次卧,东立国际,1200,http://wh.58.com/pinpaigongyu/26928473939507x.shtml
【整租】常青 福星城 1室0厅,福星城,900,http://wh.58.com/pinpaigongyu/27120592673705x.shtml
【合租】古田 丽水康城 3室次卧,丽水康城,1380,http://wh.58.com/pinpaigongyu/26895311482678x.shtml
【合租】二七路 天伦美伦美舍 4室次卧,天伦美伦美舍,1000,http://wh.58.com/pinpaigongyu/27170525800528x.shtml
【合租】后湖 汉口城市广场 3室次卧,汉口城市广场,800,http://wh.58.com/pinpaigongyu/27039614529613x.shtml
【合租】后湖 幸福时代 4室次卧,幸福时代,800,http://wh.58.com/pinpaigongyu/27236230485583x.shtml
【合租】徐东 武丰家园 1室次卧,武丰家园,880,http://wh.58.com/pinpaigongyu/27235633758902x.shtml
【合租】红钢城 沙湖港湾 3室次卧,沙湖港湾,780,http://wh.58.com/pinpaigongyu/27227066890441x.shtml
【整租】常青 华安里社区中铁南 1室0厅,华安里社区中铁南,900,http://wh.58.com/pinpaigongyu/27120692136750x.shtml
【合租】徐东 团结名居枫园 4室主卧,团结名居枫园,1200,http://wh.58.com/pinpaigongyu/27216547439684x.shtml
【合租】光谷 祥和雅居 4室次卧,祥和雅居,900,http://wh.58.com/pinpaigongyu/27103548924100x.shtml
【合租】光谷 祥和雅居 4室主卧,祥和雅居,1300,http://wh.58.com/pinpaigongyu/27236892998197x.shtml
【合租】宝丰 时代天骄 4室次卧,时代天骄,1480,http://wh.58.com/pinpaigongyu/26893910258495x.shtml
【合租】徐东 华腾园 4室主卧,华腾园,900,http://wh.58.com/pinpaigongyu/27092789558958x.shtml
【整租】江汉大学 芒果公寓 1室0厅,【整租】江汉大学,980,http://wh.58.com/pinpaigongyu/27170553751217x.shtml
【合租】建设七路 沙湖港湾 3室主卧,沙湖港湾,1080,http://wh.58.com/pinpaigongyu/27238246263480x.shtml
【合租】珞狮南路 玫瑰湾一期 4室主卧,玫瑰湾一期,900,http://wh.58.com/pinpaigongyu/27235975897421x.shtml
【合租】金银湖 新城俊园 1室主卧,新城俊园,800,http://wh.58.com/pinpaigongyu/26628624732228x.shtml
【整租】街道口 南国雄楚广场 1室0厅,南国雄楚广场,1200,http://wh.58.com/pinpaigongyu/27057767540274x.shtml
【合租】常青 天嘉园 3室次卧,天嘉园,1100,http://wh.58.com/pinpaigongyu/26960463940529x.shtml
【合租】光谷 祥和雅居 3室主卧,祥和雅居,1200,http://wh.58.com/pinpaigongyu/27227968789303x.shtml
【合租】积玉桥 绿地国际金融城 3室次卧,绿地国际金融城,950,http://wh.58.com/pinpaigongyu/27216699122603x.shtml
【整租】常青 华安里社区中铁南 1室0厅,华安里社区中铁南,900,http://wh.58.com/pinpaigongyu/27120832503111x.shtml
【合租】光谷 风度柏林 3室次卧,风度柏林,999,http://wh.58.com/pinpaigongyu/27231183814830x.shtml
【合租】杨汊湖 福星华府 4室次卧,福星华府,1200,http://wh.58.com/pinpaigongyu/27158637899451x.shtml
【合租】三阳路 三星阳景园 4室次卧,三星阳景园,1100,http://wh.58.com/pinpaigongyu/27116552920784x.shtml
【合租】光谷 保利茉莉公馆 3室次卧,保利茉莉公馆,1210,http://wh.58.com/pinpaigongyu/27084864274368x.shtml
【合租】百步亭 海赋江城天韵 3室次卧,海赋江城天韵,700,http://wh.58.com/pinpaigongyu/27106808329935x.shtml
【合租】红钢城 武丰小区 3室次卧,武丰小区,960,http://wh.58.com/pinpaigongyu/27050555147468x.shtml
【合租】红钢城 武丰小区 1室主卧,武丰小区,1280,http://wh.58.com/pinpaigongyu/27205273836221x.shtml
【整租】后湖 世纪家园 1室0厅,世纪家园,980,http://wh.58.com/pinpaigongyu/26918884593600x.shtml
【合租】百步亭 汉口新城公园世家 4室次卧,汉口新城公园世家,1200,http://wh.58.com/pinpaigongyu/27051558809792x.shtml
【整租】唐家墩 武汉菱角湖万达广 1室0厅,武汉菱角湖万达广,900,http://wh.58.com/pinpaigongyu/27215389299891x.shtml
【合租】关山 光谷青年城 3室次卧,光谷青年城,960,http://wh.58.com/pinpaigongyu/27072735453105x.shtml
【整租】杨汊湖 常青南苑 1室0厅,常青南苑,980,http://wh.58.com/pinpaigongyu/26918997520575x.shtml
【整租】后湖 百步亭·金桥汇 1室1厅,百步亭·金桥汇,1450,http://wh.58.com/pinpaigongyu/27184579867946x.shtml
【合租】徐东 武丰佳园 女神 3室主卧,武丰佳园,1180,http://wh.58.com/pinpaigongyu/27191604310702x.shtml
【合租】后湖 石桥花园 3室次卧,石桥花园,850,http://wh.58.com/pinpaigongyu/27184636365500x.shtml
【整租】沌口周边 洪山家园 1室0厅,洪山家园,1200,http://wh.58.com/pinpaigongyu/27051096245688x.shtml
【合租】徐东 团结名居竹园 3室主卧,团结名居竹园,1060,http://wh.58.com/pinpaigongyu/27084216061122x.shtml
【合租】百步亭 海赋江城天韵 3室次卧,海赋江城天韵,700,http://wh.58.com/pinpaigongyu/27115873229100x.shtml
【整租】前进/江汉 前进五路电脑城旁 1室0厅,前进五路电脑城旁,1500,http://wh.58.com/pinpaigongyu/26963122819123x.shtml
【合租】中北路 武丰家园 1室主卧,武丰家园,1280,http://wh.58.com/pinpaigongyu/27235571450182x.shtml
【整租】和平大道 沙湖港湾 3室1厅,沙湖港湾,880,http://wh.58.com/pinpaigongyu/27205079733675x.shtml
【合租】珞狮南路 金地格林小城梦茵 3室次卧,金地格林小城梦茵,960,http://wh.58.com/pinpaigongyu/27129073595050x.shtml
【合租】团结大道 武丰佳园 4室次卧,武丰佳园,1080,http://wh.58.com/pinpaigongyu/27216636523818x.shtml
【合租】徐东 东湖庭园 3室主卧,东湖庭园,860,http://wh.58.com/pinpaigongyu/27128457712171x.shtml
【整租】新南湖 丽岛柳园 1室0厅,丽岛柳园,1400,http://wh.58.com/pinpaigongyu/27230531409066x.shtml
【整租】后湖 后湖华庭 1室0厅,后湖华庭,900,http://wh.58.com/pinpaigongyu/27008723069998x.shtml
【整租】光谷 祥和雅居 4室1厅,祥和雅居,3600,http://wh.58.com/pinpaigongyu/27139677016873x.shtml
【合租】钟家村 御水天城 3室次卧,御水天城,1500,http://wh.58.com/pinpaigongyu/27205979058987x.shtml
【整租】常青 华安里社区中铁南 1室0厅,华安里社区中铁南,900,http://wh.58.com/pinpaigongyu/27120288439850x.shtml
【整租】宗关 南国大家装 1室1厅,南国大家装,1900,http://wh.58.com/pinpaigongyu/26938807844040x.shtml
【合租】光谷 祥和雅居 4室主卧,祥和雅居,1100,http://wh.58.com/pinpaigongyu/27015505263935x.shtml
【合租】团结大道 沙湖港湾 3室次卧,沙湖港湾,880,http://wh.58.com/pinpaigongyu/27224601501873x.shtml
【整租】杨汊湖 南国北都城市广场 1室0厅,南国北都城市广场,980,http://wh.58.com/pinpaigongyu/26918563231158x.shtml
【合租】新南湖 芷岸龙庭 3室主卧,芷岸龙庭,1200,http://wh.58.com/pinpaigongyu/27131078976938x.shtml
【合租】光谷 祥和雅居 3室主卧,祥和雅居,1200,http://wh.58.com/pinpaigongyu/27227344385465x.shtml
【合租】新南湖 保利心语 4室次卧,保利心语,600,http://wh.58.com/pinpaigongyu/27073206215231x.shtml
【合租】关山 保利花园 3室次卧,保利花园,880,http://wh.58.com/pinpaigongyu/27084398438576x.shtml
【合租】红钢城 沙湖港湾 3室主卧,沙湖港湾,1080,http://wh.58.com/pinpaigongyu/27181146317238x.shtml
【合租】杨汊湖 福星华府 4室次卧,福星华府,1400,http://wh.58.com/pinpaigongyu/27158860260015x.shtml
【合租】后湖 盛世东方 3室次卧,盛世东方,1300,http://wh.58.com/pinpaigongyu/26961620274625x.shtml
【合租】建设大道 幸福湾 4室次卧,幸福湾,700,http://wh.58.com/pinpaigongyu/27059731440044x.shtml
【合租】钟家村 邓甲新城 3室次卧,邓甲新城,1100,http://wh.58.com/pinpaigongyu/27115305612365x.shtml
【合租】二七路 翰林紫园 5室次卧,翰林紫园,1680,http://wh.58.com/pinpaigongyu/27014506220481x.shtml
【整租】珞狮南路 幸福佳苑 1室0厅,幸福佳苑,1500,http://wh.58.com/pinpaigongyu/27085383728563x.shtml
【整租】东亭 武丰佳园 3室1厅,武丰佳园,1180,http://wh.58.com/pinpaigongyu/27235549516219x.shtml
【合租】光谷 祥和雅居 4室主卧,祥和雅居,1100,http://wh.58.com/pinpaigongyu/27103324639048x.shtml
【整租】杨汊湖 杨汊湖二垸 1室0厅,杨汊湖二垸,980,http://wh.58.com/pinpaigongyu/26918588097066x.shtml
【合租】百步亭 汉口新城 4室次卧,汉口新城,1000,http://wh.58.com/pinpaigongyu/26928351742259x.shtml
【合租】常青 汉口花园三期 3室主卧,汉口花园三期,900,http://wh.58.com/pinpaigongyu/27016401146562x.shtml
【整租】光谷 祥和雅居 4室1厅,祥和雅居,3600,http://wh.58.com/pinpaigongyu/27238232221004x.shtml
【整租】街道口 未来公馆 1室0厅,未来公馆,1500,http://wh.58.com/pinpaigongyu/27187597212225x.shtml
【合租】钟家村 名流公馆 4室次卧,名流公馆,800,http://wh.58.com/pinpaigongyu/27084776708137x.shtml
【整租】司门口 魔方公寓鲇鱼套店 1室0厅,【整租】司门口,1080,http://wh.58.com/pinpaigongyu/27127924334777x.shtml
【合租】庙山 科技信息园新东方 4室次卧,科技信息园新东方,650,http://wh.58.com/pinpaigongyu/27059819944511x.shtml
【合租】光谷 祥和雅居 4室主卧,祥和雅居,1100,http://wh.58.com/pinpaigongyu/27092496471360x.shtml
【合租】徐东 武铁佳苑 3室次卧,武铁佳苑,970,http://wh.58.com/pinpaigongyu/27161513974588x.shtml
【整租】杨汊湖 杨汊湖一垸 1室0厅,杨汊湖一垸,980,http://wh.58.com/pinpaigongyu/26740148534848x.shtml
【整租】中南路 魔方公寓武昌火车 1室0厅,【整租】中南路,1550,http://wh.58.com/pinpaigongyu/27128005357251x.shtml
【合租】和平大道 东兴天地A区 3室主卧,东兴天地A区,800,http://wh.58.com/pinpaigongyu/27139779360573x.shtml
【合租】汉正街 江山如画 1室主卧,江山如画,1600,http://wh.58.com/pinpaigongyu/26453132808620x.shtml
【整租】常青 华安里社区中铁南 1室0厅,华安里社区中铁南,900,http://wh.58.com/pinpaigongyu/27120499688264x.shtml
【合租】街道口 鹏程蕙园 1室次卧,鹏程蕙园,1000,http://wh.58.com/pinpaigongyu/27237492367311x.shtml
【整租】光谷 乐家小屋长租公寓 1室1厅,【整租】光谷,1800,http://wh.58.com/pinpaigongyu/27085169617465x.shtml
【合租】中北路 武丰佳园 1室主卧,武丰佳园,1080,http://wh.58.com/pinpaigongyu/27227918155316x.shtml
【合租】硚口周边 建国社区 5室次卧,建国社区,1280,http://wh.58.com/pinpaigongyu/27037045383751x.shtml
【合租】冶金大道 沙湖港湾 3室主卧,沙湖港湾,1080,http://wh.58.com/pinpaigongyu/27216789485383x.shtml
【整租】后湖 众联天美国际 1室1厅,众联天美国际,1600,http://wh.58.com/pinpaigongyu/27184695641796x.shtml
【合租】光谷 光谷新世界 3室次卧,光谷新世界,950,http://wh.58.com/pinpaigongyu/27083339642562x.shtml
【合租】建设二路 东兴天地 3室次卧,东兴天地,700,http://wh.58.com/pinpaigongyu/27128283771959x.shtml
【整租】沌口周边 洪山家园四人间 1室0厅,洪山家园四人间,1400,http://wh.58.com/pinpaigongyu/27171232319307x.shtml
【合租】积玉桥 绿地国际金融城 3室次卧,绿地国际金融城,1000,http://wh.58.com/pinpaigongyu/27228780105129x.shtml
【合租】崇仁路 同馨花园雍豪府 3室次卧,同馨花园雍豪府,1480,http://wh.58.com/pinpaigongyu/26895266967621x.shtml
【合租】光谷 八一花园 4室次卧,八一花园,900,http://wh.58.com/pinpaigongyu/27060787748525x.shtml
【整租】街道口 鸿达苑 2室2厅,鸿达苑,2300,http://wh.58.com/pinpaigongyu/27073149530679x.shtml
【整租】杨汊湖 杨汊湖二垸 1室0厅,杨汊湖二垸,980,http://wh.58.com/pinpaigongyu/26898467779273x.shtml
【合租】关山 保利花园 3室次卧,保利花园,1000,http://wh.58.com/pinpaigongyu/27095902702633x.shtml
【整租】后湖 众联天美国际 1室1厅,众联天美国际,1500,http://wh.58.com/pinpaigongyu/27217537860803x.shtml
【整租】光谷 祥和雅居 4室1厅,祥和雅居,3600,http://wh.58.com/pinpaigongyu/27238114488243x.shtml
【整租】前进/江汉 江汉路紫晶城 1室0厅,江汉路紫晶城,1500,http://wh.58.com/pinpaigongyu/27008892818986x.shtml
【合租】古田 丽水康城 3室主卧,丽水康城,1580,http://wh.58.com/pinpaigongyu/26895314193855x.shtml
【合租】光谷 金地雄楚1号 3室主卧,金地雄楚1号,1200,http://wh.58.com/pinpaigongyu/27228216782924x.shtml
【整租】前进/江汉 江汉路中百商厦写 1室0厅,江汉路中百商厦写,1500,http://wh.58.com/pinpaigongyu/27008827288648x.shtml
【整租】积玉桥 绿地国际金融城 4室2厅,绿地国际金融城,999,http://wh.58.com/pinpaigongyu/27230785435720x.shtml
【合租】王家湾 龙阳一号 4室次卧,龙阳一号,700,http://wh.58.com/pinpaigongyu/27161455500352x.shtml
【合租】后湖 星悦城 3室次卧,星悦城,700,http://wh.58.com/pinpaigongyu/27161094410320x.shtml
【整租】沌口周边 洪山家园 1室0厅,洪山家园,1200,http://wh.58.com/pinpaigongyu/27149384982962x.shtml
【合租】新南湖 保利心语 4室次卧,保利心语,800,http://wh.58.com/pinpaigongyu/27214728237133x.shtml
【整租】常青 华安里社区 1室0厅,华安里社区,990,http://wh.58.com/pinpaigongyu/27120055752508x.shtml
【合租】新南湖 保利心语 4室次卧,保利心语,800,http://wh.58.com/pinpaigongyu/27214728237133x.shtml
【整租】常青 华安里社区 1室0厅,华安里社区,990,http://wh.58.com/pinpaigongyu/27120055752508x.shtml
【合租】二七路 星海蓝天 4室次卧,星海蓝天,1380,http://wh.58.com/pinpaigongyu/27148345036356x.shtml
【合租】友谊大道 沙湖港湾 1室次卧,沙湖港湾,880,http://wh.58.com/pinpaigongyu/27237127084991x.shtml
【整租】杨汊湖 常青南园 1室0厅,常青南园,980,http://wh.58.com/pinpaigongyu/26898555567913x.shtml
【整租】常青 华安里社区中铁南 1室0厅,华安里社区中铁南,900,http://wh.58.com/pinpaigongyu/27120518691536x.shtml
【合租】后湖 同鑫花园景福苑 3室次卧,同鑫花园景福苑,900,http://wh.58.com/pinpaigongyu/27106778829619x.shtml
【整租】珞狮南路 幸福佳苑 1室0厅,幸福佳苑,1350,http://wh.58.com/pinpaigongyu/27169932552370x.shtml
【合租】关山 金地格林东郡 3室次卧,金地格林东郡,1100,http://wh.58.com/pinpaigongyu/27149057075898x.shtml
【合租】徐东 东湖景园 3室次卧,东湖景园,1000,http://wh.58.com/pinpaigongyu/27107012131250x.shtml
【合租】关山 光谷青年城 3室次卧,光谷青年城,960,http://wh.58.com/pinpaigongyu/27084344907180x.shtml
【整租】沌口周边 洪山家园四人间 1室0厅,洪山家园四人间,1200,http://wh.58.com/pinpaigongyu/27059429455676x.shtml
【合租】团结大道 武丰佳园 1室次卧,武丰佳园,880,http://wh.58.com/pinpaigongyu/27213530727858x.shtml
【整租】江汉大学 芒果公寓 1室0厅,【整租】江汉大学,980,http://wh.58.com/pinpaigongyu/27160918254006x.shtml
【合租】后湖 汉口城市广场 3室主卧,汉口城市广场,1180,http://wh.58.com/pinpaigongyu/27125937258053x.shtml
【合租】珞狮南路 鸿城家园 3室次卧,鸿城家园,700,http://wh.58.com/pinpaigongyu/27149197016116x.shtml
【合租】徐东 保利城 3室次卧,保利城,700,http://wh.58.com/pinpaigongyu/27162079018809x.shtml
【合租】徐东 武丰家园 1室次卧,武丰家园,880,http://wh.58.com/pinpaigongyu/27235644719146x.shtml
【合租】余家头 武丰佳园 3室主卧,武丰佳园,1280,http://wh.58.com/pinpaigongyu/27183054401213x.shtml
【整租】沌口周边 洪山家园 1室0厅,洪山家园,1200,http://wh.58.com/pinpaigongyu/27118355457849x.shtml
【整租】常青 福星城 1室0厅,福星城,850,http://wh.58.com/pinpaigongyu/27212460137780x.shtml
【合租】中北路 沙湖港湾 3室次卧,沙湖港湾,680,http://wh.58.com/pinpaigongyu/27214202102827x.shtml
【合租】友谊大道 沙湖港湾 1室次卧,沙湖港湾,780,http://wh.58.com/pinpaigongyu/27235638941624x.shtml
【合租】光谷 华城新都 3室次卧,华城新都,850,http://wh.58.com/pinpaigongyu/27165311598642x.shtml
【合租】徐东 武丰家园 1室主卧,武丰家园,1280,http://wh.58.com/pinpaigongyu/27235556249004x.shtml
【合租】光谷 曙光星城 3室主卧,曙光星城,1100,http://wh.58.com/pinpaigongyu/27106880917429x.shtml
【合租】徐东 三角花园小区 4室次卧,三角花园小区,900,http://wh.58.com/pinpaigongyu/27048426819016x.shtml
【整租】唐家墩 武汉菱角湖万达广 1室0厅,武汉菱角湖万达广,800,http://wh.58.com/pinpaigongyu/27225782412361x.shtml
【合租】新南湖 珞珈雅苑 4室主卧,珞珈雅苑,1250,http://wh.58.com/pinpaigongyu/27040684627273x.shtml
【整租】前进/江汉 友谊路轻轨站 1室1厅,友谊路轻轨站,1380,http://wh.58.com/pinpaigongyu/27220477284403x.shtml
【整租】珞狮南路 幸福佳苑 1室1厅,幸福佳苑,1350,http://wh.58.com/pinpaigongyu/27225764653754x.shtml
【整租】光谷 乐家小屋长租公寓 1室0厅,【整租】光谷,1900,http://wh.58.com/pinpaigongyu/27228655708849x.shtml
【合租】徐东 华润置地橡树湾 3室主卧,华润置地橡树湾,1100,http://wh.58.com/pinpaigongyu/27197486345780x.shtml
【整租】常青 华安里社区中铁南 1室0厅,华安里社区中铁南,900,http://wh.58.com/pinpaigongyu/27120350562768x.shtml
【合租】百步亭 银泰御华园 3室次卧,银泰御华园,750,http://wh.58.com/pinpaigongyu/27184684717901x.shtml
【合租】徐东 团结名居枫园 1室次卧,团结名居枫园,600,http://wh.58.com/pinpaigongyu/27225910303184x.shtml
【整租】珞狮南路 幸福佳苑 1室0厅,幸福佳苑,1500,http://wh.58.com/pinpaigongyu/27085974133169x.shtml
【整租】杨汊湖 南国北都城市广场 1室0厅,南国北都城市广场,980,http://wh.58.com/pinpaigongyu/26998139913665x.shtml
【整租】光谷 乐家小屋长租公寓 1室0厅,【整租】光谷,1900,http://wh.58.com/pinpaigongyu/27160841185858x.shtml
【合租】积玉桥 绿地国际金融城 4室次卧,绿地国际金融城,999,http://wh.58.com/pinpaigongyu/27230933471806x.shtml
【合租】中北路 武丰佳园 1室主卧,武丰佳园,1080,http://wh.58.com/pinpaigongyu/27224666692523x.shtml
【整租】珞狮南路 幸福佳苑 1室0厅,幸福佳苑,1400,http://wh.58.com/pinpaigongyu/27118160690879x.shtml
【整租】和平大道 武丰佳园 1室1厅,武丰佳园,880,http://wh.58.com/pinpaigongyu/27204956991404x.shtml
【合租】友谊大道 沙湖港湾 3室次卧,沙湖港湾,780,http://wh.58.com/pinpaigongyu/27235933802825x.shtml
【整租】常青 华安里社区中铁南 1室0厅,华安里社区中铁南,900,http://wh.58.com/pinpaigongyu/27120646003267x.shtml
【合租】徐东 琴园小区 3室次卧,琴园小区,1000,http://wh.58.com/pinpaigongyu/27228632837306x.shtml
【合租】二七路 星海蓝天 4室次卧,星海蓝天,1680,http://wh.58.com/pinpaigongyu/27148334163521x.shtml
【整租】徐东 琴园小区 3室1厅,琴园小区,1100,http://wh.58.com/pinpaigongyu/27228576748868x.shtml
【整租】珞狮南路 幸福佳苑 1室1厅,幸福佳苑,1650,http://wh.58.com/pinpaigongyu/27170232526785x.shtml
【合租】光谷 柒零社区 3室次卧,柒零社区,1050,http://wh.58.com/pinpaigongyu/27150101369267x.shtml
【合租】徐东 琴园小区 3室主卧,琴园小区,1100,http://wh.58.com/pinpaigongyu/27228620140361x.shtml
【合租】硚口周边 葛洲坝城市花园 4室次卧,葛洲坝城市花园,1200,http://wh.58.com/pinpaigongyu/26838456360617x.shtml
【合租】徐东 武丰佳园 1室主卧,武丰佳园,1080,http://wh.58.com/pinpaigongyu/27224646956978x.shtml
【整租】沌口周边 洪山家园 1室0厅,洪山家园,1200,http://wh.58.com/pinpaigongyu/27216874479785x.shtml
【整租】街道口 未来公馆 1室0厅,未来公馆,1500,http://wh.58.com/pinpaigongyu/27057893711542x.shtml
【合租】二七路 东立国际 4室次卧,东立国际,1200,http://wh.58.com/pinpaigongyu/26928448411330x.shtml
【合租】新南湖 保利中央公馆 3室次卧,保利中央公馆,760,http://wh.58.com/pinpaigongyu/27215068075335x.shtml
【合租】光谷 祥和雅居 4室主卧,祥和雅居,1100,http://wh.58.com/pinpaigongyu/27103512948417x.shtml
【合租】光谷 保利时代 3室主卧,保利时代,1060,http://wh.58.com/pinpaigongyu/27050886823117x.shtml
【合租】光谷 风度柏林 3室次卧,风度柏林,999,http://wh.58.com/pinpaigongyu/27231162291404x.shtml
【合租】光谷 祥和雅居 4室主卧,祥和雅居,1100,http://wh.58.com/pinpaigongyu/27103512948417x.shtml
【合租】光谷 保利时代 3室主卧,保利时代,1060,http://wh.58.com/pinpaigongyu/27050886823117x.shtml
【合租】光谷 风度柏林 3室次卧,风度柏林,999,http://wh.58.com/pinpaigongyu/27231162291404x.shtml
【整租】卓刀泉 保利华都二期 1室0厅,保利华都二期,1300,http://wh.58.com/pinpaigongyu/27119931066703x.shtml
【合租】二七路 天伦美伦美舍 4室次卧,天伦美伦美舍,1100,http://wh.58.com/pinpaigongyu/27205535414069x.shtml
【合租】后湖 石桥花园 3室次卧,石桥花园,1080,http://wh.58.com/pinpaigongyu/27117461996355x.shtml
【合租】钟家村 广电兰亭都荟 4室次卧,广电兰亭都荟,700,http://wh.58.com/pinpaigongyu/27161529058861x.shtml
【合租】红钢城 武丰小区 3室次卧,武丰小区,800,http://wh.58.com/pinpaigongyu/27184786891069x.shtml
【合租】团结大道 武丰佳园 女神 3室主卧,武丰佳园,1180,http://wh.58.com/pinpaigongyu/27204853966779x.shtml
【合租】关山 金地格林东郡 4室主卧,金地格林东郡,1100,http://wh.58.com/pinpaigongyu/27228148748228x.shtml
【合租】后湖 紫竹园 3室次卧,紫竹园,800,http://wh.58.com/pinpaigongyu/27083443367362x.shtml
【合租】二七路 天伦美伦美舍 4室次卧,天伦美伦美舍,1150,http://wh.58.com/pinpaigongyu/27205636837034x.shtml
【合租】百步亭 汉口新城 4室次卧,汉口新城,1200,http://wh.58.com/pinpaigongyu/26906688914612x.shtml
【合租】常青 金色雅园 3室次卧,金色雅园,1500,http://wh.58.com/pinpaigongyu/26894011836981x.shtml
【合租】徐东 武昌区地铁4号线 3室次卧,武昌区地铁4号线,900,http://wh.58.com/pinpaigongyu/27006017700161x.shtml
【合租】后湖 汉口城市广场 3室次卧,汉口城市广场,800,http://wh.58.com/pinpaigongyu/27161436293933x.shtml
【合租】珞狮南路 泰然南湖玫瑰湾 4室次卧,泰然南湖玫瑰湾,660,http://wh.58.com/pinpaigongyu/27151105526091x.shtml
【整租】江汉大学 芒果公寓 1室0厅,【整租】江汉大学,980,http://wh.58.com/pinpaigongyu/27083320214605x.shtml
【合租】后湖 雷苑小区 3室次卧,雷苑小区,900,http://wh.58.com/pinpaigongyu/27216314276800x.shtml
【合租】百步亭 幸福时代 3室次卧,幸福时代,700,http://wh.58.com/pinpaigongyu/27083286282192x.shtml
【合租】光谷 米兰映象 3室次卧,米兰映象,17000,http://wh.58.com/pinpaigongyu/27149932933706x.shtml
【合租】工业大道 沙湖港湾 3室主卧,沙湖港湾,980,http://wh.58.com/pinpaigongyu/27216729171510x.shtml
【合租】团结大道 武丰家园 3室次卧,武丰家园,880,http://wh.58.com/pinpaigongyu/27235828102715x.shtml
【合租】光谷 曙光星城 1室主卧,曙光星城,1800,http://wh.58.com/pinpaigongyu/27009220114114x.shtml
【整租】江汉大学 芒果公寓 1室0厅,【整租】江汉大学,980,http://wh.58.com/pinpaigongyu/27227963763767x.shtml
【整租】珞狮南路 幸福佳苑 1室0厅,幸福佳苑,1400,http://wh.58.com/pinpaigongyu/27162798796741x.shtml
【合租】徐东 铂金天地 4室主卧,铂金天地,1200,http://wh.58.com/pinpaigongyu/27236925126698x.shtml
【整租】后湖 世纪家园 1室0厅,世纪家园,980,http://wh.58.com/pinpaigongyu/26921004762028x.shtml
【整租】街道口 未来公馆 1室0厅,未来公馆,1500,http://wh.58.com/pinpaigongyu/27157659053899x.shtml
【合租】新南湖 珞珈雅苑 3室次卧,珞珈雅苑,950,http://wh.58.com/pinpaigongyu/27083343580876x.shtml
【合租】徐东 武丰小区 4室次卧,武丰小区,1000,http://wh.58.com/pinpaigongyu/27076180425020x.shtml
【合租】光谷 祥和雅居 4室主卧,祥和雅居,1100,http://wh.58.com/pinpaigongyu/27158638975426x.shtml
【整租】后湖 世纪家园 1室0厅,世纪家园,980,http://wh.58.com/pinpaigongyu/26918262253634x.shtml
【合租】后湖 幸福时代 3室次卧,幸福时代,800,http://wh.58.com/pinpaigongyu/27195546767945x.shtml
【合租】沌口周边 洪山家园四人间 1室主卧,洪山家园四人间,1400,http://wh.58.com/pinpaigongyu/27161017700939x.shtml
【合租】后湖 紫竹园 3室次卧,紫竹园,800,http://wh.58.com/pinpaigongyu/27184706465616x.shtml
【合租】后湖 汉口城市广场 3室次卧,汉口城市广场,850,http://wh.58.com/pinpaigongyu/27184596282703x.shtml
【合租】台北香港路 新香港大厦 4室次卧,新香港大厦,1000,http://wh.58.com/pinpaigongyu/27116569591341x.shtml
【整租】江汉大学 芒果公寓 1室0厅,【整租】江汉大学,980,http://wh.58.com/pinpaigongyu/27216915809718x.shtml
【合租】百步亭 百步亭花园现代城 4室主卧,百步亭花园现代城,1100,http://wh.58.com/pinpaigongyu/27195515715787x.shtml
【合租】后湖 石桥花园 4室次卧,石桥花园,1080,http://wh.58.com/pinpaigongyu/27117324391746x.shtml
【合租】徐家棚 九坤秦南都汇 3室次卧,九坤秦南都汇,1000,http://wh.58.com/pinpaigongyu/27236905936573x.shtml
【整租】常青 华安里社区中铁南 1室0厅,华安里社区中铁南,900,http://wh.58.com/pinpaigongyu/27120422945355x.shtml
【合租】友谊大道 沙湖港湾 3室主卧,沙湖港湾,1280,http://wh.58.com/pinpaigongyu/27235616650550x.shtml
【合租】王家湾 十里景秀 5室主卧,十里景秀,1050,http://wh.58.com/pinpaigongyu/27106976325307x.shtml
【合租】团结大道 铁机盛世家园 3室次卧,铁机盛世家园,800,http://wh.58.com/pinpaigongyu/27216179910221x.shtml
【合租】徐东 纯水岸东湖 3室主卧,纯水岸东湖,900,http://wh.58.com/pinpaigongyu/27107063824075x.shtml
【合租】徐家棚 湖大琴园 3室主卧,湖大琴园,1160,http://wh.58.com/pinpaigongyu/27216315930421x.shtml
【合租】新南湖 明泽丰华苑 4室主卧,明泽丰华苑,1000,http://wh.58.com/pinpaigongyu/27236005162946x.shtml
【合租】唐家墩 武汉菱角湖万达广 1室次卧,武汉菱角湖万达广,900,http://wh.58.com/pinpaigongyu/27215406993102x.shtml
【合租】百步亭 新荣苑小区 4室次卧,新荣苑小区,1300,http://wh.58.com/pinpaigongyu/27125507656523x.shtml
【整租】徐东 沙湖港湾 2室2厅,沙湖港湾,2200,http://wh.58.com/pinpaigongyu/27215641879751x.shtml
【合租】硚口周边 建国社区 5室次卧,建国社区,1300,http://wh.58.com/pinpaigongyu/27037047737514x.shtml
【合租】徐东 华润置地橡树湾 3室次卧,华润置地橡树湾,1000,http://wh.58.com/pinpaigongyu/27197501617476x.shtml
【整租】司门口 魔方公寓鲇鱼套店 1室0厅,【整租】司门口,1230,http://wh.58.com/pinpaigongyu/27184483867177x.shtml
【合租】积玉桥 绿地国际金融城 4室次卧,绿地国际金融城,999,http://wh.58.com/pinpaigongyu/27230850507591x.shtml
【整租】江汉路 江汉路万达商业广 1室0厅,江汉路万达商业广,1500,http://wh.58.com/pinpaigongyu/27026858852552x.shtml
【合租】南湖花园 红旗欣居 4室次卧,红旗欣居,800,http://wh.58.com/pinpaigongyu/27016494390825x.shtml
【整租】光谷 乐家小屋长租公寓 1室1厅,【整租】光谷,1800,http://wh.58.com/pinpaigongyu/27127502761145x.shtml
【整租】珞狮南路 幸福佳苑 1室0厅,幸福佳苑,1400,http://wh.58.com/pinpaigongyu/27162667907020x.shtml
【整租】珞狮南路 幸福佳苑 1室0厅,幸福佳苑,1400,http://wh.58.com/pinpaigongyu/27162667907020x.shtml
【合租】光谷 金地雄楚1号 3室主卧,金地雄楚1号,1060,http://wh.58.com/pinpaigongyu/27061767484210x.shtml
【合租】钟家村 世茂锦绣长江 4室次卧,世茂锦绣长江,1300,http://wh.58.com/pinpaigongyu/27070378102086x.shtml
【整租】宝丰 3604新小区 1室0厅,3604新小区,1200,http://wh.58.com/pinpaigongyu/27212419406416x.shtml
【合租】红钢城 沙湖港湾 3室主卧,沙湖港湾,1180,http://wh.58.com/pinpaigongyu/27215886003782x.shtml
【整租】街道口 幸福佳苑 1室1厅,幸福佳苑,1400,http://wh.58.com/pinpaigongyu/27042056624207x.shtml
【合租】古田 香港印象 1室主卧,香港印象,1200,http://wh.58.com/pinpaigongyu/26895898702379x.shtml
【合租】关山 清江山水 3室主卧,清江山水,1100,http://wh.58.com/pinpaigongyu/27050821549369x.shtml
【整租】街道口 未来公馆 1室0厅,未来公馆,1500,http://wh.58.com/pinpaigongyu/27157768163763x.shtml
【合租】杨园 武丰佳园 3室次卧,武丰佳园,880,http://wh.58.com/pinpaigongyu/27191931095864x.shtml
【整租】唐家墩 武汉菱角湖万达广 1室0厅,武汉菱角湖万达广,1300,http://wh.58.com/pinpaigongyu/27215006567993x.shtml
【合租】二七路 翰林紫园 5室次卧,翰林紫园,1500,http://wh.58.com/pinpaigongyu/27014605924301x.shtml
【合租】光谷 祥和雅居 4室主卧,祥和雅居,1100,http://wh.58.com/pinpaigongyu/27238186070703x.shtml
【合租】光谷 保利华都 4室主卧,保利华都,1400,http://wh.58.com/pinpaigongyu/27120280500303x.shtml
【合租】积玉桥 恒大首府 3室主卧,恒大首府,1000,http://wh.58.com/pinpaigongyu/27227816785583x.shtml
【合租】光谷 祥和雅居 4室主卧,祥和雅居,1000,http://wh.58.com/pinpaigongyu/27191785906750x.shtml
【合租】徐东 武丰佳园 3室次卧,武丰佳园,880,http://wh.58.com/pinpaigongyu/27224272830122x.shtml
【合租】硚口周边 建国社区 5室主卧,建国社区,1680,http://wh.58.com/pinpaigongyu/27037042607817x.shtml
【合租】古田 丽水康城 3室次卧,丽水康城,1580,http://wh.58.com/pinpaigongyu/26895309236283x.shtml
【合租】徐东 武丰家园 1室主卧,武丰家园,1080,http://wh.58.com/pinpaigongyu/27235752483658x.shtml
【整租】杨汊湖 杨汊湖二垸 1室0厅,杨汊湖二垸,980,http://wh.58.com/pinpaigongyu/26919190501298x.shtml
【整租】后湖 汉口花园一期 1室0厅,汉口花园一期,980,http://wh.58.com/pinpaigongyu/26898535441971x.shtml
【合租】新南湖 明泽丰华苑 4室主卧,明泽丰华苑,1250,http://wh.58.com/pinpaigongyu/27136504345804x.shtml
【合租】团结大道 武丰佳园 1室主卧,武丰佳园,1280,http://wh.58.com/pinpaigongyu/27213489604808x.shtml
【整租】后湖 后湖华庭 1室0厅,后湖华庭,900,http://wh.58.com/pinpaigongyu/26910661723976x.shtml
【合租】徐东 东湖景园A区 3室次卧,东湖景园A区,900,http://wh.58.com/pinpaigongyu/27217380811576x.shtml
【整租】常青 华安里社区中铁南 1室0厅,华安里社区中铁南,900,http://wh.58.com/pinpaigongyu/27120570129225x.shtml
【合租】光谷 祥和雅居 4室次卧,祥和雅居,900,http://wh.58.com/pinpaigongyu/27238160847273x.shtml
【合租】积玉桥 绿地国际金融城 4室次卧,绿地国际金融城,999,http://wh.58.com/pinpaigongyu/27230875203256x.shtml
【整租】杨汊湖 常青南园 1室0厅,常青南园,980,http://wh.58.com/pinpaigongyu/26918456732102x.shtml
【整租】珞狮南路 幸福佳苑 1室0厅,幸福佳苑,1500,http://wh.58.com/pinpaigongyu/27086005527882x.shtml
【合租】百步亭 汉口新城公园世家 4室次卧,汉口新城公园世家,1200,http://wh.58.com/pinpaigongyu/27147941477166x.shtml
【整租】丁字桥 百瑞景 2室1厅,百瑞景,3000,http://wh.58.com/pinpaigongyu/27050647455425x.shtml
【整租】前进/江汉 前进五路电脑城旁 1室0厅,前进五路电脑城旁,1500,http://wh.58.com/pinpaigongyu/26952489166002x.shtml
【整租】积玉桥 恒大首府 4室2厅,恒大首府,999,http://wh.58.com/pinpaigongyu/27231102846670x.shtml
【合租】徐东 爱家皇家公馆 3室主卧,爱家皇家公馆,1200,http://wh.58.com/pinpaigongyu/27095846258380x.shtml
【合租】钟家村 御水天城 3室次卧,御水天城,1600,http://wh.58.com/pinpaigongyu/27159206388928x.shtml
【合租】中北路 武丰佳园 3室次卧,武丰佳园,880,http://wh.58.com/pinpaigongyu/27224564947379x.shtml
【整租】杨汊湖 杨汊湖二垸 1室0厅,杨汊湖二垸,980,http://wh.58.com/pinpaigongyu/26920978584903x.shtml
【合租】王家湾 人信汇 4室次卧,人信汇,950,http://wh.58.com/pinpaigongyu/27161595817522x.shtml
【合租】后湖 香利国庭 3室次卧,香利国庭,1290,http://wh.58.com/pinpaigongyu/26895177204404x.shtml
【合租】百步亭 银泰御华园 3室次卧,银泰御华园,750,http://wh.58.com/pinpaigongyu/27106822120879x.shtml
【合租】光谷 祥和雅居 4室次卧,祥和雅居,1000,http://wh.58.com/pinpaigongyu/27072658524097x.shtml
【合租】关山 恒大华府 3室主卧,恒大华府,1100,http://wh.58.com/pinpaigongyu/27061897403463x.shtml
【合租】二七路 东立国际 4室次卧,东立国际,1200,http://wh.58.com/pinpaigongyu/26928437232458x.shtml
【合租】二七路 翰林紫园 5室次卧,翰林紫园,1280,http://wh.58.com/pinpaigongyu/27014593040169x.shtml
【合租】积玉桥 绿地国际金融城 3室次卧,绿地国际金融城,1050,http://wh.58.com/pinpaigongyu/27226124552378x.shtml
【整租】珞狮南路 幸福佳苑 1室0厅,幸福佳苑,1500,http://wh.58.com/pinpaigongyu/27085990206399x.shtml
【合租】杨汊湖 红旗公寓 3室次卧,【合租】杨汊湖,1100,http://wh.58.com/pinpaigongyu/27093062642361x.shtml
【合租】二七路 天伦美伦美舍 4室次卧,天伦美伦美舍,1250,http://wh.58.com/pinpaigongyu/27170260563901x.shtml
【合租】新南湖 芷岸龙庭 4室主卧,芷岸龙庭,1000,http://wh.58.com/pinpaigongyu/27083358494519x.shtml
【合租】徐东 纯水岸东湖 3室次卧,纯水岸东湖,700,http://wh.58.com/pinpaigongyu/27216650791977x.shtml
【整租】杨汊湖 杨汊湖一垸 1室0厅,杨汊湖一垸,980,http://wh.58.com/pinpaigongyu/26754761307827x.shtml
【整租】宝丰 南国大武汉SOH 1室1厅,南国大武汉SOH,1900,http://wh.58.com/pinpaigongyu/26938841200072x.shtml
【整租】常青 华安里社区中铁南 1室0厅,华安里社区中铁南,900,http://wh.58.com/pinpaigongyu/27120582195919x.shtml
【合租】光谷 瑞成佳苑 3室主卧,瑞成佳苑,1100,http://wh.58.com/pinpaigongyu/27008469626685x.shtml
【整租】新南湖 丽岛柳园 1室0厅,丽岛柳园,1200,http://wh.58.com/pinpaigongyu/27116119145513x.shtml
【整租】前进/江汉 前进五路电脑城旁 1室0厅,前进五路电脑城旁,1500,http://wh.58.com/pinpaigongyu/27008781445322x.shtml
【整租】后湖 众联天美国际 1室1厅,众联天美国际,1500,http://wh.58.com/pinpaigongyu/27161472954704x.shtml
【合租】光谷 南湖康泰花园新竹 1室主卧,南湖康泰花园新竹,1300,http://wh.58.com/pinpaigongyu/27169905694795x.shtml
【合租】光谷 菱角湖小区 3室次卧,菱角湖小区,1200,http://wh.58.com/pinpaigongyu/27005695469501x.shtml
【合租】积玉桥 绿地国际金融城 3室次卧,绿地国际金融城,1000,http://wh.58.com/pinpaigongyu/27228793298886x.shtml
【合租】江汉路 云林街台北四村 3室次卧,云林街台北四村,1250,http://wh.58.com/pinpaigongyu/26928403248948x.shtml
【整租】常青 福星城 1室0厅,福星城,990,http://wh.58.com/pinpaigongyu/27119848273340x.shtml
【合租】后湖 石桥花园 4室主卧,石桥花园,1300,http://wh.58.com/pinpaigongyu/26895158951606x.shtml
【整租】后湖 世纪家园 1室0厅,世纪家园,900,http://wh.58.com/pinpaigongyu/26910858434739x.shtml
【整租】江汉大学 芒果公寓 1室0厅,【整租】江汉大学,980,http://wh.58.com/pinpaigongyu/27050881029950x.shtml
【合租】杨汊湖 红旗公寓 3室次卧,【合租】杨汊湖,1400,http://wh.58.com/pinpaigongyu/27093058535215x.shtml
【合租】新南湖 明泽丰华苑 4室次卧,明泽丰华苑,900,http://wh.58.com/pinpaigongyu/27158673488691x.shtml
【整租】珞狮南路 幸福佳苑 1室1厅,幸福佳苑,1350,http://wh.58.com/pinpaigongyu/27225775972302x.shtml
【整租】沌口周边 洪山家园四人间 1室0厅,洪山家园四人间,1400,http://wh.58.com/pinpaigongyu/27236014196522x.shtml
【合租】徐东 融海杰座 3室主卧,融海杰座,1100,http://wh.58.com/pinpaigongyu/27173255326141x.shtml
【合租】关山 曙光星城 1室主卧,曙光星城,1700,http://wh.58.com/pinpaigongyu/27038634765490x.shtml
【整租】唐家墩 武汉菱角湖万达广 1室0厅,武汉菱角湖万达广,850,http://wh.58.com/pinpaigongyu/27226071770540x.shtml
【合租】光谷 光谷8号 3室主卧,光谷8号,1100,http://wh.58.com/pinpaigongyu/27228063381445x.shtml
【合租】新南湖 芷岸龙庭 4室主卧,芷岸龙庭,1080,http://wh.58.com/pinpaigongyu/27083339508936x.shtml
【合租】珞狮南路 名士一号 4室次卧,名士一号,960,http://wh.58.com/pinpaigongyu/27107084822076x.shtml
【整租】前进/江汉 前进五路电脑城旁 1室0厅,前进五路电脑城旁,1500,http://wh.58.com/pinpaigongyu/26963221416257x.shtml
【合租】宝丰 时代天骄 4室次卧,时代天骄,1680,http://wh.58.com/pinpaigongyu/26928368208712x.shtml
【合租】二七路 天伦美伦美舍 4室主卧,天伦美伦美舍,1150,http://wh.58.com/pinpaigongyu/27170376814538x.shtml
【合租】二七路 天伦美伦美舍 4室主卧,天伦美伦美舍,1150,http://wh.58.com/pinpaigongyu/27170376814538x.shtml
【整租】江汉大学 洪山家园 1室0厅,洪山家园,1200,http://wh.58.com/pinpaigongyu/27236183672251x.shtml
【整租】江汉大学 潮海公寓 1室1厅,【整租】江汉大学,700,http://wh.58.com/pinpaigongyu/27195232666802x.shtml
【整租】新南湖 丽岛柳园 1室0厅,丽岛柳园,1200,http://wh.58.com/pinpaigongyu/27057970696625x.shtml
【合租】团结大道 武丰佳园 3室次卧,武丰佳园,880,http://wh.58.com/pinpaigongyu/27194570273455x.shtml
【合租】南湖花园 水域天际 4室次卧,水域天际,800,http://wh.58.com/pinpaigongyu/27061308619464x.shtml
【整租】沌口周边 洪山家园 1室0厅,洪山家园,1200,http://wh.58.com/pinpaigongyu/27228021455819x.shtml
【合租】建设二路 沙湖港湾 精装 3室主卧,沙湖港湾,1280,http://wh.58.com/pinpaigongyu/27194286899525x.shtml
【合租】积玉桥 湖大琴园 3室次卧,湖大琴园,999,http://wh.58.com/pinpaigongyu/27236020315192x.shtml
【整租】光谷 尚都世界城 1室0厅,尚都世界城,1600,http://wh.58.com/pinpaigongyu/27228015422646x.shtml
【合租】三阳路 三星阳景园 4室次卧,三星阳景园,1450,http://wh.58.com/pinpaigongyu/26962435546801x.shtml
【合租】中北路 武丰家园 1室主卧,武丰家园,1080,http://wh.58.com/pinpaigongyu/27235782480177x.shtml
【合租】珞狮南路 芷岸龙庭 4室次卧,芷岸龙庭,1200,http://wh.58.com/pinpaigongyu/27158729918388x.shtml
【合租】百步亭 银泰御华园 3室次卧,银泰御华园,1100,http://wh.58.com/pinpaigongyu/27037053550278x.shtml
【合租】友谊大道 沙湖港湾 3室主卧,沙湖港湾,1180,http://wh.58.com/pinpaigongyu/27224560704322x.shtml
【合租】光谷 祥和雅居 4室主卧,祥和雅居,1100,http://wh.58.com/pinpaigongyu/27238145509326x.shtml
【整租】珞狮南路 鸿桂苑西区 2室2厅,鸿桂苑西区,2500,http://wh.58.com/pinpaigongyu/27194973187280x.shtml
【合租】徐东 三角花园 3室次卧,三角花园,900,http://wh.58.com/pinpaigongyu/27015053048392x.shtml
【合租】后湖 盛世东方 3室次卧,盛世东方,860,http://wh.58.com/pinpaigongyu/26961603643955x.shtml
【合租】光谷 康泰花园 4室次卧,康泰花园,900,http://wh.58.com/pinpaigongyu/27039546481074x.shtml
【整租】常青 华安里社区中铁南 1室0厅,华安里社区中铁南,900,http://wh.58.com/pinpaigongyu/27120415413696x.shtml
【合租】徐东 武铁佳苑 3室主卧,武铁佳苑,1000,http://wh.58.com/pinpaigongyu/27216675181115x.shtml
【整租】台北香港路 台北一村 1室1厅,台北一村,1380,http://wh.58.com/pinpaigongyu/27220259698861x.shtml
【整租】常青 华安里社区中铁南 1室0厅,华安里社区中铁南,900,http://wh.58.com/pinpaigongyu/27120810300079x.shtml
【整租】江汉路 江汉路万达商业广 1室0厅,江汉路万达商业广,1500,http://wh.58.com/pinpaigongyu/26910133971400x.shtml
【合租】徐东 湖北大学琴园小区 4室主卧,湖北大学琴园小区,1250,http://wh.58.com/pinpaigongyu/27048489403450x.shtml
【整租】杨汊湖 杨汊湖五垸 1室0厅,杨汊湖五垸,980,http://wh.58.com/pinpaigongyu/26920995543490x.shtml
【整租】沌口周边 洪山家园四人间 1室0厅,洪山家园四人间,1400,http://wh.58.com/pinpaigongyu/27118348609201x.shtml
【合租】常青 天嘉园 3室次卧,天嘉园,1100,http://wh.58.com/pinpaigongyu/26960468921159x.shtml
【合租】后湖 汉口城市广场 3室次卧,汉口城市广场,760,http://wh.58.com/pinpaigongyu/27115894962730x.shtml
【合租】徐东 武丰家园 1室次卧,武丰家园,880,http://wh.58.com/pinpaigongyu/27235719472442x.shtml
【整租】光谷 乐家小屋长租公寓 1室1厅,【整租】光谷,1900,http://wh.58.com/pinpaigongyu/27114655953594x.shtml
【合租】二七路 东立国际 4室次卧,东立国际,1400,http://wh.58.com/pinpaigongyu/26928463326152x.shtml
【合租】光谷 曙光星城 3室次卧,曙光星城,1000,http://wh.58.com/pinpaigongyu/27084263103675x.shtml
【合租】钟家村 邓甲新城 3室次卧,邓甲新城,900,http://wh.58.com/pinpaigongyu/27115311274171x.shtml
【整租】街道口 南国雄楚广场 1室0厅,南国雄楚广场,1600,http://wh.58.com/pinpaigongyu/27084802514511x.shtml
【合租】光谷 长航蓝晶国际 3室次卧,长航蓝晶国际,860,http://wh.58.com/pinpaigongyu/27083340992169x.shtml
【合租】后湖 石桥花园 4室主卧,石桥花园,1300,http://wh.58.com/pinpaigongyu/26895140443572x.shtml
【合租】后湖 石桥花园二期 5室主卧,石桥花园二期,850,http://wh.58.com/pinpaigongyu/27214824243246x.shtml
【整租】徐东 武丰小区 1室1厅,武丰小区,880,http://wh.58.com/pinpaigongyu/27204889111619x.shtml
【整租】常青 华安里社区中铁南 1室0厅,华安里社区中铁南,900,http://wh.58.com/pinpaigongyu/27120540799310x.shtml
【合租】东亭 沙湖港湾 女神 3室主卧,沙湖港湾,1180,http://wh.58.com/pinpaigongyu/27192182515514x.shtml
【合租】珞狮南路 华大家园 4室次卧,华大家园,900,http://wh.58.com/pinpaigongyu/27138551501006x.shtml
【合租】后湖 石桥花园 4室主卧,石桥花园,1300,http://wh.58.com/pinpaigongyu/26895248462141x.shtml
【整租】常青 华安里社区中铁南 1室0厅,华安里社区中铁南,900,http://wh.58.com/pinpaigongyu/27120506048685x.shtml
【合租】后湖 石桥花园 4室次卧,石桥花园,1080,http://wh.58.com/pinpaigongyu/27117423600720x.shtml
【合租】杨汊湖 福星华府 3室次卧,福星华府,1100,http://wh.58.com/pinpaigongyu/26928362244288x.shtml
【合租】王家湾 磨山港湾 4室次卧,磨山港湾,800,http://wh.58.com/pinpaigongyu/27095972087981x.shtml
【整租】杨汊湖 杨汊湖二垸 1室0厅,杨汊湖二垸,980,http://wh.58.com/pinpaigongyu/26998146563126x.shtml
【整租】光谷 阳光在线 1室0厅,阳光在线,1000,http://wh.58.com/pinpaigongyu/27136556771407x.shtml
【合租】杨汊湖 福星华府 4室次卧,福星华府,1300,http://wh.58.com/pinpaigongyu/27158854230578x.shtml
【整租】街道口 南国雄楚广场 1室0厅,南国雄楚广场,1600,http://wh.58.com/pinpaigongyu/27192963664566x.shtml
【合租】徐东 水岸星城一期 3室主卧,水岸星城一期,1100,http://wh.58.com/pinpaigongyu/27228848485045x.shtml
【整租】珞狮南路 幸福佳苑 1室0厅,幸福佳苑,1500,http://wh.58.com/pinpaigongyu/27118150808648x.shtml
【合租】王家湾 磨山港湾 4室次卧,磨山港湾,800,http://wh.58.com/pinpaigongyu/27106950609193x.shtml
【整租】唐家墩 武汉菱角湖万达广 1室0厅,武汉菱角湖万达广,800,http://wh.58.com/pinpaigongyu/27226058102864x.shtml
【合租】工业大道 沙湖港湾 3室主卧,沙湖港湾,1180,http://wh.58.com/pinpaigongyu/27216512506054x.shtml
【合租】光谷 瑞成佳苑 3室主卧,瑞成佳苑,1100,http://wh.58.com/pinpaigongyu/27015358391361x.shtml
【整租】珞狮南路 幸福佳苑 1室0厅,幸福佳苑,1300,http://wh.58.com/pinpaigongyu/26820609223374x.shtml
【合租】二七路 东立国际 3室次卧,东立国际,1300,http://wh.58.com/pinpaigongyu/26928478733376x.shtml
【整租】珞狮南路 幸福佳苑 1室0厅,幸福佳苑,1300,http://wh.58.com/pinpaigongyu/26820609223374x.shtml
【合租】二七路 东立国际 3室次卧,东立国际,1300,http://wh.58.com/pinpaigongyu/26928478733376x.shtml
【合租】徐东 东湖庭园 3室次卧,东湖庭园,750,http://wh.58.com/pinpaigongyu/27216570554676x.shtml
【合租】珞狮南路 名士一号 3室次卧,名士一号,960,http://wh.58.com/pinpaigongyu/27214593617841x.shtml
【合租】友谊大道 沙湖港湾 1室次卧,沙湖港湾,880,http://wh.58.com/pinpaigongyu/27213082619444x.shtml
【合租】和平大道 东兴天地A区 3室主卧,东兴天地A区,1000,http://wh.58.com/pinpaigongyu/27095518164925x.shtml
【合租】徐东 爱家皇家公馆 3室次卧,爱家皇家公馆,760,http://wh.58.com/pinpaigongyu/27095621479610x.shtml
【整租】沌口周边 洪山家园四人间 1室0厅,洪山家园四人间,1400,http://wh.58.com/pinpaigongyu/27236053720250x.shtml
【合租】徐东 武丰佳园 1室主卧,武丰佳园,1080,http://wh.58.com/pinpaigongyu/27224656060618x.shtml
【整租】杨汊湖 常青南园 1室0厅,常青南园,980,http://wh.58.com/pinpaigongyu/26919118717768x.shtml
【合租】珞狮南路 玫瑰湾一期 4室主卧,玫瑰湾一期,900,http://wh.58.com/pinpaigongyu/27083134278096x.shtml
【合租】三阳路 三星阳景园 4室次卧,三星阳景园,1100,http://wh.58.com/pinpaigongyu/26962407153965x.shtml
【整租】光谷 乐家小屋长租公寓 1室0厅,【整租】光谷,1900,http://wh.58.com/pinpaigongyu/27228743091383x.shtml
【合租】徐东 东湖景园 3室次卧,东湖景园,700,http://wh.58.com/pinpaigongyu/27162157573319x.shtml
【合租】徐东 爱家皇家公馆 3室次卧,爱家皇家公馆,760,http://wh.58.com/pinpaigongyu/27128650916042x.shtml
【整租】珞狮南路 幸福佳苑 1室0厅,幸福佳苑,1500,http://wh.58.com/pinpaigongyu/27094697510601x.shtml
【整租】友谊大道 沙湖港湾 3室2厅,沙湖港湾,3000,http://wh.58.com/pinpaigongyu/27207362886589x.shtml
【整租】珞狮南路 幸福佳苑 1室0厅,幸福佳苑,1500,http://wh.58.com/pinpaigongyu/27169950604458x.shtml
【整租】司门口 魔方公寓鲇鱼套店 1室0厅,【整租】司门口,1080,http://wh.58.com/pinpaigongyu/27184443238714x.shtml
【合租】中北路 武丰佳园 3室次卧,武丰佳园,880,http://wh.58.com/pinpaigongyu/27224574271540x.shtml
【整租】徐东 团结名居枫园 1室0厅,团结名居枫园,700,http://wh.58.com/pinpaigongyu/27225885713351x.shtml
【合租】建设七路 沙湖港湾 3室次卧,沙湖港湾,680,http://wh.58.com/pinpaigongyu/27215968016713x.shtml
【合租】友谊大道 沙湖港湾 3室主卧,沙湖港湾,1080,http://wh.58.com/pinpaigongyu/27227251760972x.shtml
【整租】江汉大学 芒果公寓 1室0厅,【整租】江汉大学,980,http://wh.58.com/pinpaigongyu/27149305208522x.shtml
【合租】珞狮南路 泰然南湖玫瑰湾 3室次卧,泰然南湖玫瑰湾,760,http://wh.58.com/pinpaigongyu/27084799362482x.shtml
【整租】徐东 华润置地橡树湾 2室1厅,华润置地橡树湾,2600,http://wh.58.com/pinpaigongyu/27128692825025x.shtml
【合租】百步亭 银泰御华园 3室次卧,银泰御华园,750,http://wh.58.com/pinpaigongyu/27161146259006x.shtml
【整租】常青 华安里社区中铁南 1室0厅,华安里社区中铁南,900,http://wh.58.com/pinpaigongyu/27120448239548x.shtml
【合租】新南湖 芷岸龙庭 3室主卧,芷岸龙庭,1200,http://wh.58.com/pinpaigongyu/27095541173423x.shtml
【合租】余家头 武丰佳园 3室主卧,武丰佳园,1080,http://wh.58.com/pinpaigongyu/27215930794940x.shtml
【合租】后湖 石桥花园 4室次卧,石桥花园,1080,http://wh.58.com/pinpaigongyu/27117444802989x.shtml
【合租】王家湾 人信汇 3室次卧,人信汇,850,http://wh.58.com/pinpaigongyu/27106918159936x.shtml
【合租】杨汊湖 红旗公寓 3室次卧,【合租】杨汊湖,1580,http://wh.58.com/pinpaigongyu/27093066615103x.shtml
【合租】珞狮南路 南湖大家装 2室主卧,南湖大家装,1600,http://wh.58.com/pinpaigongyu/27117690051761x.shtml
【合租】后湖 石桥花园二期 5室次卧,石桥花园二期,1000,http://wh.58.com/pinpaigongyu/27205784705096x.shtml
【合租】徐东 保利城 3室主卧,保利城,1060,http://wh.58.com/pinpaigongyu/27197593498575x.shtml
【合租】后湖 石桥花园二期 4室次卧,石桥花园二期,1280,http://wh.58.com/pinpaigongyu/26762875652429x.shtml
【合租】光谷 祥和雅居 3室主卧,祥和雅居,1250,http://wh.58.com/pinpaigongyu/27158624679113x.shtml
【整租】友谊大道 沙湖港湾 3室1厅,沙湖港湾,2900,http://wh.58.com/pinpaigongyu/27205318255310x.shtml
【合租】常青 金色雅园 3室次卧,金色雅园,1200,http://wh.58.com/pinpaigongyu/26894008516652x.shtml
【合租】后湖 石桥花园1期 4室次卧,石桥花园1期,1260,http://wh.58.com/pinpaigongyu/26895326963142x.shtml
【合租】新南湖 保利心语 6室主卧,保利心语,1030,http://wh.58.com/pinpaigongyu/27236094828751x.shtml
【合租】积玉桥 绿地国际金融城 3室次卧,绿地国际金融城,950,http://wh.58.com/pinpaigongyu/27095923499312x.shtml
【合租】光谷 南湖康泰苑花园 4室主卧,南湖康泰苑花园,1100,http://wh.58.com/pinpaigongyu/26953581147331x.shtml
【合租】积玉桥 水岸国际·峰岚天 4室主卧,水岸国际·峰岚天,1500,http://wh.58.com/pinpaigongyu/27093094736314x.shtml
【合租】金银湖 新城俊园 1室主卧,新城俊园,800,http://wh.58.com/pinpaigongyu/26628626118069x.shtml
【合租】积玉桥 玉桥新都 4室次卧,玉桥新都,999,http://wh.58.com/pinpaigongyu/27231062013762x.shtml
【合租】徐东 水岸星城一期 5室主卧,水岸星城一期,1700,http://wh.58.com/pinpaigongyu/27076127424299x.shtml
【整租】常青 杨汊湖社区 1室0厅,杨汊湖社区,980,http://wh.58.com/pinpaigongyu/26918382886973x.shtml
【整租】后湖 众联天美国际 1室1厅,众联天美国际,1500,http://wh.58.com/pinpaigongyu/27106744355774x.shtml
【合租】古田 华鼎丽都国际 4室次卧,华鼎丽都国际,800,http://wh.58.com/pinpaigongyu/27235955536459x.shtml
【整租】街道口 未来公馆 1室0厅,未来公馆,1500,http://wh.58.com/pinpaigongyu/27062992690891x.shtml
【整租】后湖 汉口城市广场 1室1厅,汉口城市广场,1600,http://wh.58.com/pinpaigongyu/27115945002288x.shtml
【合租】珞狮南路 幸福佳苑 3室主卧,幸福佳苑,1200,http://wh.58.com/pinpaigongyu/27225746984006x.shtml
【合租】徐东 东湖景园 4室次卧,东湖景园,900,http://wh.58.com/pinpaigongyu/26453085808579x.shtml
【合租】团结大道 铁机盛世家园 3室次卧,铁机盛世家园,1200,http://wh.58.com/pinpaigongyu/27216236512835x.shtml
【合租】珞狮南路 幸福佳苑 3室次卧,幸福佳苑,850,http://wh.58.com/pinpaigongyu/27117648688812x.shtml
【合租】硚口周边 建国社区 5室次卧,建国社区,780,http://wh.58.com/pinpaigongyu/27037046598352x.shtml
【整租】王家湾 好易娜大厦 1室1厅,好易娜大厦,1400,http://wh.58.com/pinpaigongyu/27129019948877x.shtml
【合租】后湖 石桥花园 4室次卧,石桥花园,880,http://wh.58.com/pinpaigongyu/27117430623673x.shtml
【合租】后湖 石桥花园 4室次卧,石桥花园,880,http://wh.58.com/pinpaigongyu/27117430623673x.shtml
【合租】团结大道 沙湖港湾 3室主卧,沙湖港湾,980,http://wh.58.com/pinpaigongyu/27235808813259x.shtml
【合租】光谷 金地雄楚1号 3室次卧,金地雄楚1号,1000,http://wh.58.com/pinpaigongyu/27083371807300x.shtml
【合租】二七路 翰林紫园 5室次卧,翰林紫园,1380,http://wh.58.com/pinpaigongyu/27014574601925x.shtml
【整租】珞狮南路 幸福佳苑 1室0厅,幸福佳苑,1500,http://wh.58.com/pinpaigongyu/27086037980210x.shtml
【合租】中北路 武丰家园 1室主卧,武丰家园,1080,http://wh.58.com/pinpaigongyu/27235773346884x.shtml
【整租】光谷 乐家小屋长租公寓 1室0厅,【整租】光谷,1900,http://wh.58.com/pinpaigongyu/27228792960188x.shtml
【整租】常青 华安里社区中铁南 1室0厅,华安里社区中铁南,900,http://wh.58.com/pinpaigongyu/27120825265487x.shtml
【合租】新南湖 保利心语 3室次卧,保利心语,1060,http://wh.58.com/pinpaigongyu/27083484870709x.shtml
【整租】杨汊湖 杨汊湖小区 1室0厅,杨汊湖小区,980,http://wh.58.com/pinpaigongyu/26918469482812x.shtml
【合租】友谊大道 沙湖港湾 女神 3室主卧,沙湖港湾,1180,http://wh.58.com/pinpaigongyu/27204892351302x.shtml
【整租】关山 光谷青年城 1室0厅,光谷青年城,1500,http://wh.58.com/pinpaigongyu/27005607018575x.shtml
【合租】光谷 华城花园 4室主卧,华城花园,1000,http://wh.58.com/pinpaigongyu/27072793541168x.shtml
【合租】新南湖 芷岸龙庭 1室主卧,芷岸龙庭,1100,http://wh.58.com/pinpaigongyu/26545065789132x.shtml
【合租】卓刀泉 保利蓝海郡 3室次卧,保利蓝海郡,800,http://wh.58.com/pinpaigongyu/27084476756295x.shtml
【整租】前进/江汉 前进五路电脑城旁 1室0厅,前进五路电脑城旁,1500,http://wh.58.com/pinpaigongyu/26952466722892x.shtml
【整租】常青 华安里社区中铁南 1室0厅,华安里社区中铁南,900,http://wh.58.com/pinpaigongyu/27120325615933x.shtml
【合租】宝丰 时代天骄 3室次卧,时代天骄,1480,http://wh.58.com/pinpaigongyu/26895588556730x.shtml
【合租】团结大道 武丰佳园 1室次卧,武丰佳园,680,http://wh.58.com/pinpaigongyu/27237103467963x.shtml
【合租】光谷 曙光星城 3室次卧,曙光星城,1030,http://wh.58.com/pinpaigongyu/27083346686143x.shtml
【整租】杨汊湖 南国北都城市广场 1室0厅,南国北都城市广场,980,http://wh.58.com/pinpaigongyu/26998165380013x.shtml
【合租】新南湖 明泽丰华苑 4室次卧,明泽丰华苑,950,http://wh.58.com/pinpaigongyu/27236877614288x.shtml
【合租】积玉桥 绿地国际金融城 3室次卧,绿地国际金融城,1000,http://wh.58.com/pinpaigongyu/27228808793289x.shtml
【合租】新南湖 珞珈雅苑 4室次卧,珞珈雅苑,860,http://wh.58.com/pinpaigongyu/27214837487432x.shtml
【合租】光谷 统建天成美雅 3室次卧,统建天成美雅,800,http://wh.58.com/pinpaigongyu/27085007901503x.shtml
【合租】徐东 武丰佳园 3室主卧,武丰佳园,1280,http://wh.58.com/pinpaigongyu/27235273118022x.shtml
【整租】后湖 世纪家园 1室0厅,世纪家园,980,http://wh.58.com/pinpaigongyu/26998168652339x.shtml
【合租】钟家村 世茂锦绣长江 4室次卧,世茂锦绣长江,1800,http://wh.58.com/pinpaigongyu/27070369276858x.shtml
【整租】珞狮南路 幸福佳苑 1室0厅,幸福佳苑,1400,http://wh.58.com/pinpaigongyu/27162658042186x.shtml
【整租】珞狮南路 幸福佳苑 1室0厅,幸福佳苑,1400,http://wh.58.com/pinpaigongyu/27162882856396x.shtml
【合租】徐东 武铁佳苑 3室次卧,武铁佳苑,900,http://wh.58.com/pinpaigongyu/27128561816389x.shtml
【合租】街道口 鹏程蕙园 1室次卧,鹏程蕙园,1100,http://wh.58.com/pinpaigongyu/27207235116357x.shtml
【合租】硚口周边 葛洲坝城市花园 4室次卧,葛洲坝城市花园,1400,http://wh.58.com/pinpaigongyu/26838455154615x.shtml
【整租】常青 华安里社区中铁南 1室0厅,华安里社区中铁南,900,http://wh.58.com/pinpaigongyu/27120341312709x.shtml
【整租】沌口周边 洪山家园 1室0厅,洪山家园,1200,http://wh.58.com/pinpaigongyu/27115142209232x.shtml
【合租】钟家村 江欣苑5期 4室次卧,江欣苑5期,700,http://wh.58.com/pinpaigongyu/27039884769591x.shtml
【整租】杨汊湖 顶秀国际公馆 4室1厅,顶秀国际公馆,1300,http://wh.58.com/pinpaigongyu/27147874603200x.shtml
【合租】新南湖 明泽丰华苑 4室次卧,明泽丰华苑,900,http://wh.58.com/pinpaigongyu/27040621521462x.shtml
【合租】钟家村 邓甲新城 3室次卧,邓甲新城,1300,http://wh.58.com/pinpaigongyu/27115294062539x.shtml
【合租】新南湖 芷岸龙庭 3室主卧,芷岸龙庭,1200,http://wh.58.com/pinpaigongyu/27084774565939x.shtml
【合租】南湖花园 保利中央公馆 3室次卧,保利中央公馆,780,http://wh.58.com/pinpaigongyu/27083726182862x.shtml
【整租】卓刀泉 保利华都二期 1室0厅,保利华都二期,1200,http://wh.58.com/pinpaigongyu/27119842447161x.shtml
【整租】杨汊湖 杨汊湖五垸 1室0厅,杨汊湖五垸,980,http://wh.58.com/pinpaigongyu/26921031097162x.shtml
【整租】唐家墩 武汉菱角湖万达广 1室0厅,武汉菱角湖万达广,1300,http://wh.58.com/pinpaigongyu/27225799255375x.shtml
【整租】王家湾 好易娜大厦 1室1厅,好易娜大厦,1500,http://wh.58.com/pinpaigongyu/27039810871238x.shtml
【合租】古田 香港印象 1室主卧,香港印象,1200,http://wh.58.com/pinpaigongyu/26895895671871x.shtml
【合租】徐东 保利城 3室主卧,保利城,960,http://wh.58.com/pinpaigongyu/27072645250376x.shtml
【合租】徐东 东湖景园 3室次卧,东湖景园,700,http://wh.58.com/pinpaigongyu/27216589030843x.shtml
【合租】徐东 武丰佳园 4室主卧,武丰佳园,1080,http://wh.58.com/pinpaigongyu/27216427718722x.shtml
【合租】徐东 东湖庭园 3室次卧,东湖庭园,780,http://wh.58.com/pinpaigongyu/27184746980430x.shtml
【合租】积玉桥 绿地国际金融城 3室次卧,绿地国际金融城,930,http://wh.58.com/pinpaigongyu/27184756132531x.shtml
【合租】中北路 武丰佳园 3室次卧,武丰佳园,1080,http://wh.58.com/pinpaigongyu/27224378329406x.shtml
【合租】新南湖 时尚城 3室次卧,时尚城,900,http://wh.58.com/pinpaigongyu/27039638004168x.shtml
【合租】积玉桥 绿地国际金融城 4室次卧,绿地国际金融城,1200,http://wh.58.com/pinpaigongyu/27059966400334x.shtml
【合租】钟家村 江欣苑5期 3室次卧,江欣苑5期,700,http://wh.58.com/pinpaigongyu/27206613064260x.shtml
【合租】钟家村 江欣苑5期 3室次卧,江欣苑5期,700,http://wh.58.com/pinpaigongyu/27214569350224x.shtml
【合租】新南湖 芷岸龙庭 4室次卧,芷岸龙庭,1150,http://wh.58.com/pinpaigongyu/27236856941507x.shtml
【合租】百步亭 汉口新城公园世家 4室次卧,汉口新城公园世家,1000,http://wh.58.com/pinpaigongyu/27051569263157x.shtml
【合租】卓刀泉 保利华都二期 1室次卧,保利华都二期,900,http://wh.58.com/pinpaigongyu/27131452172997x.shtml
【合租】新南湖 珞珈雅苑 4室次卧,珞珈雅苑,900,http://wh.58.com/pinpaigongyu/27048939732807x.shtml
【合租】钟家村 广电兰亭都荟 4室主卧,广电兰亭都荟,1200,http://wh.58.com/pinpaigongyu/27184101596237x.shtml
【整租】徐东 华润置地橡树湾 2室1厅,华润置地橡树湾,2600,http://wh.58.com/pinpaigongyu/27183181069760x.shtml
【合租】光谷 祥和雅居 4室次卧,祥和雅居,1000,http://wh.58.com/pinpaigongyu/27006440881989x.shtml
【整租】街道口 幸福佳苑 1室1厅,幸福佳苑,1450,http://wh.58.com/pinpaigongyu/27042084578101x.shtml
【合租】百步亭 幸福时代 3室主卧,幸福时代,777,http://wh.58.com/pinpaigongyu/27115886119602x.shtml
【合租】台北香港路 新香港大厦 3室次卧,新香港大厦,1450,http://wh.58.com/pinpaigongyu/26928419698234x.shtml
【合租】中北路 沙湖港湾 3室主卧,沙湖港湾,880,http://wh.58.com/pinpaigongyu/27192027818290x.shtml
【整租】台北香港路 台北一村 1室1厅,台北一村,1380,http://wh.58.com/pinpaigongyu/27220248452805x.shtml
【合租】光谷 瑞成佳苑 3室次卧,瑞成佳苑,1000,http://wh.58.com/pinpaigongyu/27015379236797x.shtml
【整租】杨汊湖 南国北都城市广场 1室0厅,南国北都城市广场,980,http://wh.58.com/pinpaigongyu/26998179236551x.shtml
【合租】积玉桥 湖北大学琴园小区 5室次卧,湖北大学琴园小区,800,http://wh.58.com/pinpaigongyu/27129149254988x.shtml
【整租】常青 中铁南苑 1室0厅,中铁南苑,990,http://wh.58.com/pinpaigongyu/27119988642355x.shtml
【整租】关山 光谷青年城 1室0厅,光谷青年城,1500,http://wh.58.com/pinpaigongyu/27005590453446x.shtml
【整租】广埠屯 楚天府 1室1厅,楚天府,1650,http://wh.58.com/pinpaigongyu/27049647954857x.shtml
【整租】积玉桥 绿地国际金融城 3室2厅,绿地国际金融城,999,http://wh.58.com/pinpaigongyu/27230958291142x.shtml
【合租】徐东 武丰家园 1室主卧,武丰家园,1280,http://wh.58.com/pinpaigongyu/27235512334137x.shtml
【整租】前进/江汉 友谊南路 1室1厅,友谊南路,1380,http://wh.58.com/pinpaigongyu/27220445367760x.shtml
【合租】二七路 天伦美伦美舍 4室次卧,天伦美伦美舍,1200,http://wh.58.com/pinpaigongyu/27204452455215x.shtml
【整租】沌口周边 芒果公寓 1室0厅,【整租】沌口周边,980,http://wh.58.com/pinpaigongyu/27205040984106x.shtml
【合租】街道口 鹏程蕙园 1室主卧,鹏程蕙园,1300,http://wh.58.com/pinpaigongyu/27188135231407x.shtml
【合租】街道口 鹏程蕙园 1室主卧,鹏程蕙园,1300,http://wh.58.com/pinpaigongyu/27188135231407x.shtml
【整租】街道口 未来公馆 1室0厅,未来公馆,1500,http://wh.58.com/pinpaigongyu/27116151445169x.shtml
【合租】后湖 汉口花园 3室次卧,汉口花园,800,http://wh.58.com/pinpaigongyu/27162054328649x.shtml
【合租】王家湾 中国铁建国际城 3室次卧,中国铁建国际城,700,http://wh.58.com/pinpaigongyu/27084795188543x.shtml
【整租】中南路 魔方公寓武昌火车 1室1厅,【整租】中南路,1800,http://wh.58.com/pinpaigongyu/27061958642116x.shtml
【合租】团结大道 武丰佳园 3室次卧,武丰佳园,880,http://wh.58.com/pinpaigongyu/27235396339645x.shtml
【合租】杨汊湖 福星华府 3室次卧,福星华府,1180,http://wh.58.com/pinpaigongyu/27116892884011x.shtml
【整租】江汉大学 芒果公寓 1室0厅,【整租】江汉大学,980,http://wh.58.com/pinpaigongyu/27151062019643x.shtml
【合租】徐东 武丰家园 1室主卧,武丰家园,1080,http://wh.58.com/pinpaigongyu/27235763377713x.shtml
【合租】后湖 同鑫花园景福苑 3室次卧,同鑫花园景福苑,900,http://wh.58.com/pinpaigongyu/27184644296899x.shtml
【整租】后湖 众联天美国际 1室1厅,众联天美国际,1600,http://wh.58.com/pinpaigongyu/27062456059338x.shtml
【合租】新南湖 芷岸龙庭 4室主卧,芷岸龙庭,1100,http://wh.58.com/pinpaigongyu/27236114429627x.shtml
【整租】街道口 鸿桂苑西区 2室2厅,鸿桂苑西区,2300,http://wh.58.com/pinpaigongyu/27106998417077x.shtml
【合租】积玉桥 绿地国际金融城 3室主卧,绿地国际金融城,1200,http://wh.58.com/pinpaigongyu/27228770447432x.shtml
【合租】后湖 星悦城 3室次卧,星悦城,700,http://wh.58.com/pinpaigongyu/27184663521481x.shtml
【合租】徐东 武丰佳园 3室主卧,武丰佳园,1180,http://wh.58.com/pinpaigongyu/27224670225479x.shtml
【整租】唐家墩 武汉菱角湖万达广 1室0厅,武汉菱角湖万达广,1400,http://wh.58.com/pinpaigongyu/27215353328683x.shtml
【整租】江汉大学 芒果公寓 1室0厅,【整租】江汉大学,980,http://wh.58.com/pinpaigongyu/27149636560313x.shtml
【整租】江汉路 江汉路万达商业广 1室0厅,江汉路万达商业广,1500,http://wh.58.com/pinpaigongyu/27026274775850x.shtml
【合租】钟家村 新长江香榭琴台 4室次卧,新长江香榭琴台,900,http://wh.58.com/pinpaigongyu/27214423053758x.shtml
【合租】杨汊湖 福星惠誉福星华府 3室次卧,福星惠誉福星华府,1480,http://wh.58.com/pinpaigongyu/27116786007609x.shtml
【整租】杨汊湖 杨汊湖五垸 1室0厅,杨汊湖五垸,980,http://wh.58.com/pinpaigongyu/26918917288755x.shtml
【合租】后湖 新地东方明珠 3室次卧,新地东方明珠,820,http://wh.58.com/pinpaigongyu/27184655937487x.shtml
【整租】沌口周边 洪山家园 1室0厅,洪山家园,1200,http://wh.58.com/pinpaigongyu/27236029964588x.shtml
【合租】街道口 鹏程蕙园 1室主卧,鹏程蕙园,1300,http://wh.58.com/pinpaigongyu/27179507195948x.shtml
【合租】王家湾 磨山港湾 4室次卧,磨山港湾,800,http://wh.58.com/pinpaigongyu/27129142676932x.shtml
【整租】珞狮南路 幸福佳苑 1室0厅,幸福佳苑,1300,http://wh.58.com/pinpaigongyu/27170100261195x.shtml
【整租】常青 华安里社区中铁南 1室0厅,华安里社区中铁南,900,http://wh.58.com/pinpaigongyu/27120307329994x.shtml
【合租】建设二路 奥山世纪城 3室主卧,奥山世纪城,900,http://wh.58.com/pinpaigongyu/27095751162191x.shtml
【合租】江汉大学 芒果公寓 1室主卧,【合租】江汉大学,980,http://wh.58.com/pinpaigongyu/27160806713157x.shtml
【整租】钟家村 广电兰亭都荟 3室1厅,广电兰亭都荟,2800,http://wh.58.com/pinpaigongyu/27161650819011x.shtml
【合租】友谊大道 沙湖港湾 3室次卧,沙湖港湾,880,http://wh.58.com/pinpaigongyu/27227860351538x.shtml
【整租】江汉大学 芒果公寓 1室0厅,【整租】江汉大学,980,http://wh.58.com/pinpaigongyu/27114617217713x.shtml
【合租】杨汊湖 福星惠誉福星华府 3室次卧,福星惠誉福星华府,1580,http://wh.58.com/pinpaigongyu/27092989667909x.shtml
【整租】珞狮南路 幸福佳苑 1室1厅,幸福佳苑,1650,http://wh.58.com/pinpaigongyu/27158689870537x.shtml
【合租】后湖 石桥花园 4室次卧,石桥花园,960,http://wh.58.com/pinpaigongyu/26895183565246x.shtml
【合租】杨汊湖 福星惠誉福星华府 3室次卧,福星惠誉福星华府,1480,http://wh.58.com/pinpaigongyu/27093001649225x.shtml
【整租】新南湖 丽岛柳园 1室0厅,丽岛柳园,1400,http://wh.58.com/pinpaigongyu/27116120649011x.shtml
【合租】徐东 武丰佳园 4室次卧,武丰佳园,880,http://wh.58.com/pinpaigongyu/27235865227182x.shtml
【合租】徐东 武铁佳苑 3室主卧,武铁佳苑,900,http://wh.58.com/pinpaigongyu/27095674997166x.shtml
【合租】徐东 武铁佳苑 3室主卧,武铁佳苑,900,http://wh.58.com/pinpaigongyu/27095674997166x.shtml
【整租】江汉大学 芒果公寓 1室0厅,【整租】江汉大学,980,http://wh.58.com/pinpaigongyu/27118362996553x.shtml
【合租】后湖 新地东方明珠 3室次卧,新地东方明珠,800,http://wh.58.com/pinpaigongyu/27162004069431x.shtml
【整租】前进/江汉 江汉路中百商厦写 1室0厅,江汉路中百商厦写,1500,http://wh.58.com/pinpaigongyu/27019656229427x.shtml
【整租】珞狮南路 幸福佳苑 1室0厅,幸福佳苑,1500,http://wh.58.com/pinpaigongyu/27094659660479x.shtml
【整租】光谷 瑞成佳苑 3室1厅,瑞成佳苑,3100,http://wh.58.com/pinpaigongyu/27139611970512x.shtml
【合租】钟家村 江欣苑5期 3室次卧,江欣苑5期,700,http://wh.58.com/pinpaigongyu/27184157583423x.shtml
【合租】团结大道 沙湖港湾 1室次卧,沙湖港湾,880,http://wh.58.com/pinpaigongyu/27224624925627x.shtml
【合租】友谊大道 铁机东区盛仕家园 4室主卧,铁机东区盛仕家园,1260,http://wh.58.com/pinpaigongyu/27206300036541x.shtml
【合租】后湖 汉口城市广场 3室主卧,汉口城市广场,800,http://wh.58.com/pinpaigongyu/27083271340491x.shtml
【合租】徐东 武昌区团结大道武 3室主卧,武昌区团结大道武,900,http://wh.58.com/pinpaigongyu/27081802131650x.shtml
【整租】珞狮南路 幸福佳苑 1室0厅,幸福佳苑,1400,http://wh.58.com/pinpaigongyu/27162748524851x.shtml
【整租】珞狮南路 幸福佳苑 1室1厅,幸福佳苑,1650,http://wh.58.com/pinpaigongyu/27170266294465x.shtml
【整租】珞狮南路 幸福佳苑 1室0厅,幸福佳苑,1400,http://wh.58.com/pinpaigongyu/27169962775722x.shtml
【合租】新南湖 保利心语 4室主卧,保利心语,900,http://wh.58.com/pinpaigongyu/27073168880827x.shtml
【合租】新南湖 保利心语二期 3室次卧,保利心语二期,600,http://wh.58.com/pinpaigongyu/27083358686022x.shtml
【合租】后湖 众联天美国际 3室次卧,众联天美国际,850,http://wh.58.com/pinpaigongyu/27216175262279x.shtml
【合租】光谷 祥和雅居 4室主卧,祥和雅居,1000,http://wh.58.com/pinpaigongyu/27103448548413x.shtml
【整租】台北香港路 台北四村 3室1厅,台北四村,2800,http://wh.58.com/pinpaigongyu/27170350572228x.shtml
【合租】徐东 铂金天地 3室次卧,铂金天地,900,http://wh.58.com/pinpaigongyu/27147649807535x.shtml
【合租】徐东 铂金天地 3室次卧,铂金天地,900,http://wh.58.com/pinpaigongyu/27147649807535x.shtml
【整租】沌口周边 洪山家园 1室0厅,洪山家园,1200,http://wh.58.com/pinpaigongyu/27125700553794x.shtml
【合租】友谊大道 武丰佳园 3室主卧,武丰佳园,1180,http://wh.58.com/pinpaigongyu/27238220110032x.shtml
【合租】百步亭 新荣苑小区 4室次卧,新荣苑小区,1100,http://wh.58.com/pinpaigongyu/27125530089899x.shtml
【整租】珞狮南路 幸福佳苑 1室0厅,幸福佳苑,1400,http://wh.58.com/pinpaigongyu/27162965755203x.shtml
【合租】后湖 石桥花园 4室次卧,石桥花园,1080,http://wh.58.com/pinpaigongyu/26895346513866x.shtml
【合租】徐东 盛世家园 3室主卧,盛世家园,1080,http://wh.58.com/pinpaigongyu/27181161185713x.shtml
【整租】常青 金色雅园金一期 1室1厅,金色雅园金一期,1200,http://wh.58.com/pinpaigongyu/26959161334572x.shtml
【合租】徐东 武铁佳苑 3室次卧,武铁佳苑,1000,http://wh.58.com/pinpaigongyu/27184805558713x.shtml
【合租】中北路 复地东湖国际 3室主卧,复地东湖国际,1100,http://wh.58.com/pinpaigongyu/27228892493257x.shtml
【合租】光谷 金地雄楚一号 4室次卧,金地雄楚一号,900,http://wh.58.com/pinpaigongyu/27061246757191x.shtml
【合租】百步亭 银泰御华园 3室主卧,银泰御华园,750,http://wh.58.com/pinpaigongyu/27115859772477x.shtml
【合租】冶金大道 沙湖港湾 3室主卧,沙湖港湾,1080,http://wh.58.com/pinpaigongyu/27216292876091x.shtml
【合租】后湖 星悦城 3室次卧,星悦城,650,http://wh.58.com/pinpaigongyu/27115840888876x.shtml
【整租】新南湖 丽岛柳园 1室0厅,丽岛柳园,1200,http://wh.58.com/pinpaigongyu/27131502809262x.shtml
【整租】常青 复兴五村 1室0厅,复兴五村,900,http://wh.58.com/pinpaigongyu/27120548335802x.shtml
【合租】积玉桥 湖大琴园 3室次卧,湖大琴园,999,http://wh.58.com/pinpaigongyu/27235854371387x.shtml
【合租】常青花园 美联奥林匹克花园 3室次卧,美联奥林匹克花园,800,http://wh.58.com/pinpaigongyu/27184621272908x.shtml
【整租】街道口 汉飞精英青年城 1室0厅,汉飞精英青年城,2000,http://wh.58.com/pinpaigongyu/27058044871724x.shtml
【合租】余家头 怡景苑 3室次卧,怡景苑,660,http://wh.58.com/pinpaigongyu/27216480230090x.shtml
【合租】常青花园 美联奥林匹克花园 3室次卧,美联奥林匹克花园,800,http://wh.58.com/pinpaigongyu/27184621272908x.shtml
【整租】街道口 汉飞精英青年城 1室0厅,汉飞精英青年城,2000,http://wh.58.com/pinpaigongyu/27058044871724x.shtml
【合租】余家头 怡景苑 3室次卧,怡景苑,660,http://wh.58.com/pinpaigongyu/27216480230090x.shtml
【合租】杨汊湖 福星华府 4室次卧,福星华府,1500,http://wh.58.com/pinpaigongyu/27158629249347x.shtml
【合租】中北路 武丰佳园 女神 3室主卧,武丰佳园,1180,http://wh.58.com/pinpaigongyu/27225498192566x.shtml
【整租】珞狮南路 幸福佳苑 1室0厅,幸福佳苑,1400,http://wh.58.com/pinpaigongyu/27162766727338x.shtml
【合租】徐东 东湖尚郡 4室次卧,东湖尚郡,960,http://wh.58.com/pinpaigongyu/27084053001259x.shtml
【合租】光谷 光谷8号 3室次卧,光谷8号,860,http://wh.58.com/pinpaigongyu/27072772427072x.shtml
【整租】常青 复兴一村 1室0厅,复兴一村,990,http://wh.58.com/pinpaigongyu/27119999466176x.shtml
【合租】洪山周边 欢乐星城 4室次卧,欢乐星城,800,http://wh.58.com/pinpaigongyu/27216129008044x.shtml
【整租】司门口 魔方公寓鲇鱼套店 1室0厅,【整租】司门口,1300,http://wh.58.com/pinpaigongyu/27062080756536x.shtml
【合租】光谷 祥和雅居 3室主卧,祥和雅居,1200,http://wh.58.com/pinpaigongyu/27227136979506x.shtml
【合租】中北路 岳家嘴公务员小区 3室主卧,岳家嘴公务员小区,1200,http://wh.58.com/pinpaigongyu/27161235925171x.shtml
【合租】珞狮南路 幸福佳苑 3室次卧,幸福佳苑,850,http://wh.58.com/pinpaigongyu/27158825243974x.shtml
【合租】钟家村 名流公馆 4室次卧,名流公馆,750,http://wh.58.com/pinpaigongyu/27214538418985x.shtml
【合租】光谷 祥和雅居 4室主卧,祥和雅居,1000,http://wh.58.com/pinpaigongyu/27103623614640x.shtml
【合租】徐东 保利城 3室次卧,保利城,700,http://wh.58.com/pinpaigongyu/27216420358209x.shtml
【合租】团结大道 武丰佳园 3室主卧,武丰佳园,880,http://wh.58.com/pinpaigongyu/27182887625010x.shtml
【合租】光谷 祥和雅居 4室主卧,祥和雅居,1100,http://wh.58.com/pinpaigongyu/27015527802317x.shtml
【合租】钟家村 广电兰亭都荟 4室次卧,广电兰亭都荟,700,http://wh.58.com/pinpaigongyu/27184059621163x.shtml
【合租】新南湖 芷岸龙庭 3室主卧,芷岸龙庭,1200,http://wh.58.com/pinpaigongyu/27084995189680x.shtml
【合租】百步亭 幸福时代 3室次卧,幸福时代,750,http://wh.58.com/pinpaigongyu/27161164140235x.shtml
【合租】团结大道 武丰佳园 1室次卧,武丰佳园,880,http://wh.58.com/pinpaigongyu/27213558105659x.shtml
【合租】徐东 武丰佳园 3室主卧,武丰佳园,880,http://wh.58.com/pinpaigongyu/27191568886194x.shtml
【合租】新南湖 明泽丰华苑 4室主卧,明泽丰华苑,1000,http://wh.58.com/pinpaigongyu/27138561287596x.shtml
【整租】沌口周边 芒果公寓 1室0厅,【整租】沌口周边,980,http://wh.58.com/pinpaigongyu/27205059170602x.shtml
【合租】唐家墩 武汉菱角湖万达广 1室主卧,武汉菱角湖万达广,1300,http://wh.58.com/pinpaigongyu/27226167045419x.shtml
【整租】武胜路 魔方公寓江汉一桥 1室0厅,【整租】武胜路,1500,http://wh.58.com/pinpaigongyu/27127954048080x.shtml
【合租】光谷 长航蓝晶国际 3室主卧,长航蓝晶国际,1100,http://wh.58.com/pinpaigongyu/27050683557446x.shtml
【整租】街道口 南国雄楚广场 1室0厅,南国雄楚广场,1600,http://wh.58.com/pinpaigongyu/27203471120939x.shtml
【整租】积玉桥 绿地国际金融城 4室2厅,绿地国际金融城,999,http://wh.58.com/pinpaigongyu/27230896767677x.shtml
【合租】后湖 紫竹园 3室次卧,紫竹园,800,http://wh.58.com/pinpaigongyu/27162015796045x.shtml
【合租】后湖 紫竹园 3室次卧,紫竹园,850,http://wh.58.com/pinpaigongyu/27216776591179x.shtml
【整租】珞狮南路 幸福佳苑 1室0厅,幸福佳苑,1400,http://wh.58.com/pinpaigongyu/27169993862969x.shtml
【整租】杨汊湖 常青一垸 1室1厅,常青一垸,900,http://wh.58.com/pinpaigongyu/27116384220095x.shtml
【合租】徐东 融海杰座 3室主卧,融海杰座,1100,http://wh.58.com/pinpaigongyu/27161216649805x.shtml
【合租】积玉桥 湖大琴园 3室次卧,湖大琴园,1000,http://wh.58.com/pinpaigongyu/27217195371834x.shtml
【整租】江汉大学 芒果公寓 1室0厅,【整租】江汉大学,980,http://wh.58.com/pinpaigongyu/27125323495216x.shtml
【整租】前进/江汉 万科金色家园 1室1厅,万科金色家园,1380,http://wh.58.com/pinpaigongyu/27220461764940x.shtml
【整租】江汉大学 芒果公寓 1室0厅,【整租】江汉大学,980,http://wh.58.com/pinpaigongyu/27073608522814x.shtml
【整租】珞狮南路 幸福佳苑 1室0厅,幸福佳苑,1400,http://wh.58.com/pinpaigongyu/27169993862969x.shtml
【整租】杨汊湖 常青一垸 1室1厅,常青一垸,900,http://wh.58.com/pinpaigongyu/27116384220095x.shtml
【合租】徐东 融海杰座 3室主卧,融海杰座,1100,http://wh.58.com/pinpaigongyu/27161216649805x.shtml
【合租】积玉桥 湖大琴园 3室次卧,湖大琴园,1000,http://wh.58.com/pinpaigongyu/27217195371834x.shtml
【整租】江汉大学 芒果公寓 1室0厅,【整租】江汉大学,980,http://wh.58.com/pinpaigongyu/27125323495216x.shtml
【整租】前进/江汉 万科金色家园 1室1厅,万科金色家园,1380,http://wh.58.com/pinpaigongyu/27220461764940x.shtml
【整租】江汉大学 芒果公寓 1室0厅,【整租】江汉大学,980,http://wh.58.com/pinpaigongyu/27073608522814x.shtml
【合租】新南湖 珞珈雅苑 4室主卧,珞珈雅苑,1000,http://wh.58.com/pinpaigongyu/27082974946739x.shtml
【合租】丁字桥 鸿岭花园 3室主卧,鸿岭花园,1200,http://wh.58.com/pinpaigongyu/27083362692032x.shtml
【合租】建设二路 奥山世纪城 3室主卧,奥山世纪城,900,http://wh.58.com/pinpaigongyu/27061933079475x.shtml
【整租】常青 华安里社区中铁南 1室0厅,华安里社区中铁南,900,http://wh.58.com/pinpaigongyu/27120746171571x.shtml
【合租】徐东 保利城 3室次卧,保利城,700,http://wh.58.com/pinpaigongyu/27095237146674x.shtml
【合租】古田 香港印象 1室主卧,香港印象,1200,http://wh.58.com/pinpaigongyu/26674519937582x.shtml
【合租】光谷 成园 4室主卧,成园,1000,http://wh.58.com/pinpaigongyu/27004912672433x.shtml
【合租】二七路 东立国际 3室次卧,东立国际,1300,http://wh.58.com/pinpaigongyu/26928468494506x.shtml
【整租】后湖 世纪家园 1室0厅,世纪家园,900,http://wh.58.com/pinpaigongyu/27086942949183x.shtml
【整租】台北香港路 观湖铂金公寓 1室1厅,【整租】台北香港路,1380,http://wh.58.com/pinpaigongyu/27220385548857x.shtml
【合租】徐东 武丰佳园 1室主卧,武丰佳园,1080,http://wh.58.com/pinpaigongyu/27214288330411x.shtml
【整租】常青 华安里社区中铁南 1室0厅,华安里社区中铁南,900,http://wh.58.com/pinpaigongyu/27120678016839x.shtml
【合租】徐东 武铁佳苑 3室主卧,武铁佳苑,1050,http://wh.58.com/pinpaigongyu/27197621316283x.shtml
【合租】后湖 石桥花园二期 4室次卧,石桥花园二期,1300,http://wh.58.com/pinpaigongyu/26895360694722x.shtml
【合租】光谷 祥和雅居 4室次卧,祥和雅居,900,http://wh.58.com/pinpaigongyu/27015477832883x.shtml
【合租】徐东 武铁佳苑 3室次卧,武铁佳苑,900,http://wh.58.com/pinpaigongyu/27162111186223x.shtml
【整租】常青 华安里社区 1室0厅,华安里社区,900,http://wh.58.com/pinpaigongyu/27120261929160x.shtml
【合租】徐东 三角花园小区 3室主卧,三角花园小区,1000,http://wh.58.com/pinpaigongyu/27139753548234x.shtml
【合租】后湖 石桥花园二期 5室次卧,石桥花园二期,1200,http://wh.58.com/pinpaigongyu/27205820822825x.shtml
【合租】新南湖 保利心语 4室次卧,保利心语,800,http://wh.58.com/pinpaigongyu/27039756114757x.shtml
【合租】宝丰 时代天骄 3室主卧,时代天骄,1780,http://wh.58.com/pinpaigongyu/26895590962761x.shtml
【整租】后湖 后湖华庭 1室0厅,后湖华庭,900,http://wh.58.com/pinpaigongyu/26910841840047x.shtml
【合租】徐家棚 湖大琴园 4室次卧,湖大琴园,760,http://wh.58.com/pinpaigongyu/27216351743821x.shtml
【合租】徐东 琴园小区 3室次卧,琴园小区,1000,http://wh.58.com/pinpaigongyu/27228606274251x.shtml
【整租】广埠屯 天宝嘉苑 1室0厅,天宝嘉苑,1500,http://wh.58.com/pinpaigongyu/27174191724731x.shtml
【合租】友谊大道 沙湖港湾 3室主卧,沙湖港湾,1080,http://wh.58.com/pinpaigongyu/27191841915694x.shtml
【合租】东亭 武丰佳园 3室主卧,武丰佳园,980,http://wh.58.com/pinpaigongyu/27225514571843x.shtml
【整租】街道口 未来城 1室1厅,未来城,2500,http://wh.58.com/pinpaigongyu/27057936581546x.shtml
【合租】徐东 纯水岸东湖 3室次卧,纯水岸东湖,960,http://wh.58.com/pinpaigongyu/27050285365429x.shtml
【合租】光谷 祥和雅居 3室主卧,祥和雅居,1200,http://wh.58.com/pinpaigongyu/27227116460603x.shtml
【整租】积玉桥 恒大首府 4室2厅,恒大首府,999,http://wh.58.com/pinpaigongyu/27231131228856x.shtml
【合租】杨汊湖 福星惠誉福星华府 3室次卧,福星惠誉福星华府,1080,http://wh.58.com/pinpaigongyu/27092978625846x.shtml
【合租】后湖 石桥花园二期 4室次卧,石桥花园二期,1280,http://wh.58.com/pinpaigongyu/26895349753288x.shtml
【合租】后湖 石桥花园二期 4室次卧,石桥花园二期,1280,http://wh.58.com/pinpaigongyu/26895349753288x.shtml
【合租】东亭 武丰佳园 3室主卧,武丰佳园,1180,http://wh.58.com/pinpaigongyu/27235859894468x.shtml
【整租】常青 华安里社区中铁南 1室0厅,华安里社区中铁南,900,http://wh.58.com/pinpaigongyu/27120524340399x.shtml
【合租】珞狮南路 泰然南湖玫瑰湾 4室次卧,泰然南湖玫瑰湾,800,http://wh.58.com/pinpaigongyu/27107066863929x.shtml
【整租】唐家墩 武汉菱角湖万达广 1室0厅,武汉菱角湖万达广,1300,http://wh.58.com/pinpaigongyu/27226101771448x.shtml
【合租】珞狮南路 玫瑰湾一期 3室次卧,玫瑰湾一期,660,http://wh.58.com/pinpaigongyu/27216152630601x.shtml
【整租】杨汊湖 南国北都城市广场 1室0厅,南国北都城市广场,980,http://wh.58.com/pinpaigongyu/26918405557698x.shtml
【合租】钟家村 广电兰亭都荟 4室次卧,广电兰亭都荟,700,http://wh.58.com/pinpaigongyu/27214452284596x.shtml
【合租】新南湖 明泽丰华苑 4室次卧,明泽丰华苑,800,http://wh.58.com/pinpaigongyu/27138565907013x.shtml
【合租】百步亭 汉口新城 4室次卧,汉口新城,1200,http://wh.58.com/pinpaigongyu/26906728580527x.shtml
【整租】前进/江汉 宝丽金国际广场 1室1厅,宝丽金国际广场,1500,http://wh.58.com/pinpaigongyu/26865909453508x.shtml
【整租】常青 华安里社区中铁南 1室0厅,华安里社区中铁南,900,http://wh.58.com/pinpaigongyu/27120556756295x.shtml
【整租】宗关 保利香槟国际 1室1厅,保利香槟国际,2000,http://wh.58.com/pinpaigongyu/27191615107661x.shtml
【整租】常青 金色雅园 1室1厅,金色雅园,960,http://wh.58.com/pinpaigongyu/27116351583564x.shtml
【合租】工业大道 沙湖港湾 3室主卧,沙湖港湾,980,http://wh.58.com/pinpaigongyu/27191688188102x.shtml
【合租】新华路 三金华都 5室次卧,三金华都,1100,http://wh.58.com/pinpaigongyu/27132613281474x.shtml
【合租】后湖 同鑫花园景福苑 3室主卧,同鑫花园景福苑,800,http://wh.58.com/pinpaigongyu/27115904222032x.shtml
【整租】徐东 水岸星城 4室1厅,水岸星城,800,http://wh.58.com/pinpaigongyu/27147862982971x.shtml
【整租】徐东 华润置地橡树湾 2室1厅,华润置地橡树湾,2600,http://wh.58.com/pinpaigongyu/27126100656967x.shtml
【合租】友谊大道 沙湖港湾 1室主卧,沙湖港湾,980,http://wh.58.com/pinpaigongyu/27235591467444x.shtml
【整租】常青 华安里社区中铁南 1室0厅,华安里社区中铁南,900,http://wh.58.com/pinpaigongyu/27120556756295x.shtml
【整租】宗关 保利香槟国际 1室1厅,保利香槟国际,2000,http://wh.58.com/pinpaigongyu/27191615107661x.shtml
【整租】常青 金色雅园 1室1厅,金色雅园,960,http://wh.58.com/pinpaigongyu/27116351583564x.shtml
【合租】工业大道 沙湖港湾 3室主卧,沙湖港湾,980,http://wh.58.com/pinpaigongyu/27191688188102x.shtml
【合租】新华路 三金华都 5室次卧,三金华都,1100,http://wh.58.com/pinpaigongyu/27132613281474x.shtml
【合租】后湖 同鑫花园景福苑 3室主卧,同鑫花园景福苑,800,http://wh.58.com/pinpaigongyu/27115904222032x.shtml
【整租】徐东 水岸星城 4室1厅,水岸星城,800,http://wh.58.com/pinpaigongyu/27147862982971x.shtml
【整租】徐东 华润置地橡树湾 2室1厅,华润置地橡树湾,2600,http://wh.58.com/pinpaigongyu/27126100656967x.shtml
【合租】友谊大道 沙湖港湾 1室主卧,沙湖港湾,980,http://wh.58.com/pinpaigongyu/27235591467444x.shtml
【合租】徐东 三角花园 3室次卧,三角花园,900,http://wh.58.com/pinpaigongyu/27048256839722x.shtml
【整租】三阳路 西马名仕 1室1厅,西马名仕,1380,http://wh.58.com/pinpaigongyu/27220345038259x.shtml
【整租】江汉大学 芒果公寓 1室0厅,【整租】江汉大学,980,http://wh.58.com/pinpaigongyu/27081297336758x.shtml
【合租】光谷 祥和雅居 3室主卧,祥和雅居,1200,http://wh.58.com/pinpaigongyu/27227357704638x.shtml
【整租】杨汊湖 杨汊湖二垸 1室0厅,杨汊湖二垸,980,http://wh.58.com/pinpaigongyu/26998135694505x.shtml
【整租】唐家墩 武汉菱角湖万达广 1室0厅,武汉菱角湖万达广,1400,http://wh.58.com/pinpaigongyu/27226144890563x.shtml
【整租】珞狮南路 幸福佳苑 1室0厅,幸福佳苑,1400,http://wh.58.com/pinpaigongyu/27162872531645x.shtml
【合租】光谷 曙光星城 4室主卧,曙光星城,1200,http://wh.58.com/pinpaigongyu/26953490414278x.shtml
【整租】沌口周边 洪山家园四人间 1室0厅,洪山家园四人间,1200,http://wh.58.com/pinpaigongyu/27236254099408x.shtml
【合租】珞狮南路 幸福佳苑 3室主卧,幸福佳苑,1200,http://wh.58.com/pinpaigongyu/27225733234111x.shtml
【合租】杨汊湖 福星华府 3室次卧,福星华府,1300,http://wh.58.com/pinpaigongyu/26928355414970x.shtml
【合租】积玉桥 湖大琴园 4室次卧,湖大琴园,999,http://wh.58.com/pinpaigongyu/27235833887281x.shtml
【合租】徐东 徐东 武丰佳园 3室主卧,徐东,880,http://wh.58.com/pinpaigongyu/27194507339181x.shtml
